,name,stock_quantity,total_sold,price,stock_history
,Cà phê sữa đá hoà tan The Coffee House hộp 10 gói x 22g,543.0,65231,49000.0,"{
  ""stock_history"": [{
  ""date"": ""2025-03-07"",
  ""stock_increased"": ""9.0"",
  ""stock_decreased"": ""28.0""
  }, {
  ""date"": ""2025-03-08"",
  ""stock_increased"": ""0.0"",
  ""stock_decreased"": ""20.0""
  }, {
  ""date"": ""2025-03-09"",
  ""stock_increased"": ""8.0"",
  ""stock_decreased"": ""22.0""
  }, {
  ""date"": ""2025-03-10"",
  ""stock_increased"": ""0.0"",
  ""stock_decreased"": ""13.0""
  }, {
  ""date"": ""2025-03-11"",
  ""stock_increased"": ""44.0"",
  ""stock_decreased"": ""9.0""
  }, {
  ""date"": ""2025-03-12"",
  ""stock_increased"": ""0.0"",
  ""stock_decreased"": ""27.0""
  }, {
  ""date"": ""2025-03-13"",
  ""stock_increased"": ""16.0"",
  ""stock_decreased"": ""18.0""
  }, {
  ""date"": ""2025-03-14"",
  ""stock_increased"": ""0.0"",
  ""stock_decreased"": ""16.0""
  }, {
  ""date"": ""2025-03-15"",
  ""stock_increased"": ""0.0"",
  ""stock_decreased"": ""27.0""
  }, {
  ""date"": ""2025-03-16"",
  ""stock_increased"": ""0.0"",
  ""stock_decreased"": ""48.0""
  }, {
  ""date"": ""2025-03-17"",
  ""stock_increased"": ""0.0"",
  ""stock_decreased"": ""32.0""
  }, {
  ""date"": ""2025-03-18"",
  ""stock_increased"": ""4.0"",
  ""stock_decreased"": ""18.0""
  }, {
  ""date"": ""2025-03-19"",
  ""stock_increased"": ""0.0"",
  ""stock_decreased"": ""10.0""
  }, {
  ""date"": ""2025-03-20"",
  ""stock_increased"": ""0.0"",
  ""stock_decreased"": ""8.0""
  }, {
  ""date"": ""2025-03-24"",
  ""stock_increased"": ""0.0"",
  ""stock_decreased"": ""0.0""
  }, {
  ""date"": ""2025-03-25"",
  ""stock_increased"": ""0.0"",
  ""stock_decreased"": ""0.0""
  }, {
  ""date"": ""2025-03-26"",
  ""stock_increased"": ""0.0"",
  ""stock_decreased"": ""0.0""
  }, {
  ""date"": ""2025-03-27"",
  ""stock_increased"": ""19.0"",
  ""stock_decreased"": ""1.0""
  }, {
  ""date"": ""2025-03-28"",
  ""stock_increased"": ""0.0"",
  ""stock_decreased"": ""0.0""
  }]
 }"
,Cà phê sữa đá Highlands Coffee 235ml (1 lon),1311.0,38238,14800.0,"{
  ""stock_history"": [{
  ""date"": ""2025-03-07"",
  ""stock_increased"": ""11.0"",
  ""stock_decreased"": ""67.0""
  }, {
  ""date"": ""2025-03-08"",
  ""stock_increased"": ""0.0"",
  ""stock_decreased"": ""52.0""
  }, {
  ""date"": ""2025-03-09"",
  ""stock_increased"": ""23.0"",
  ""stock_decreased"": ""49.0""
  }, {
  ""date"": ""2025-03-10"",
  ""stock_increased"": ""39.0"",
  ""stock_decreased"": ""26.0""
  }, {
  ""date"": ""2025-03-11"",
  ""stock_increased"": ""99.0"",
  ""stock_decreased"": ""100.0""
  }, {
  ""date"": ""2025-03-12"",
  ""stock_increased"": ""3.0"",
  ""stock_decreased"": ""75.0""
  }, {
  ""date"": ""2025-03-13"",
  ""stock_increased"": ""54.0"",
  ""stock_decreased"": ""76.0""
  }, {
  ""date"": ""2025-03-14"",
  ""stock_increased"": ""0.0"",
  ""stock_decreased"": ""69.0""
  }, {
  ""date"": ""2025-03-15"",
  ""stock_increased"": ""0.0"",
  ""stock_decreased"": ""105.0""
  }, {
  ""date"": ""2025-03-16"",
  ""stock_increased"": ""0.0"",
  ""stock_decreased"": ""57.0""
  }, {
  ""date"": ""2025-03-17"",
  ""stock_increased"": ""0.0"",
  ""stock_decreased"": ""80.0""
  }, {
  ""date"": ""2025-03-18"",
  ""stock_increased"": ""6.0"",
  ""stock_decreased"": ""84.0""
  }, {
  ""date"": ""2025-03-19"",
  ""stock_increased"": ""0.0"",
  ""stock_decreased"": ""54.0""
  }, {
  ""date"": ""2025-03-20"",
  ""stock_increased"": ""0.0"",
  ""stock_decreased"": ""23.0""
  }, {
  ""date"": ""2025-03-24"",
  ""stock_increased"": ""0.0"",
  ""stock_decreased"": ""0.0""
  }, {
  ""date"": ""2025-03-25"",
  ""stock_increased"": ""0.0"",
  ""stock_decreased"": ""0.0""
  }, {
  ""date"": ""2025-03-26"",
  ""stock_increased"": ""0.0"",
  ""stock_decreased"": ""0.0""
  }, {
  ""date"": ""2025-03-27"",
  ""stock_increased"": ""141.0"",
  ""stock_decreased"": ""0.0""
  }, {
  ""date"": ""2025-03-28"",
  ""stock_increased"": ""0.0"",
  ""stock_decreased"": ""0.0""
  }]
 }"
,Cà phê sữa đá Highlands Coffee 180ml (1 Hộp),82.0,19755,9500.0,"{
  ""stock_history"": [{
  ""date"": ""2025-03-14"",
  ""stock_increased"": ""0.0"",
  ""stock_decreased"": ""1.0""
  }, {
  ""date"": ""2025-03-15"",
  ""stock_increased"": ""0.0"",
  ""stock_decreased"": ""2.0""
  }, {
  ""date"": ""2025-03-16"",
  ""stock_increased"": ""0.0"",
  ""stock_decreased"": ""0.0""
  }, {
  ""date"": ""2025-03-17"",
  ""stock_increased"": ""12.0"",
  ""stock_decreased"": ""0.0""
  }, {
  ""date"": ""2025-03-18"",
  ""stock_increased"": ""0.0"",
  ""stock_decreased"": ""0.0""
  }, {
  ""date"": ""2025-03-19"",
  ""stock_increased"": ""0.0"",
  ""stock_decreased"": ""0.0""
  }, {
  ""date"": ""2025-03-20"",
  ""stock_increased"": ""0.0"",
  ""stock_decreased"": ""2.0""
  }, {
  ""date"": ""2025-03-24"",
  ""stock_increased"": ""0.0"",
  ""stock_decreased"": ""0.0""
  }, {
  ""date"": ""2025-03-25"",
  ""stock_increased"": ""0.0"",
  ""stock_decreased"": ""0.0""
  }, {
  ""date"": ""2025-03-26"",
  ""stock_increased"": ""0.0"",
  ""stock_decreased"": ""0.0""
  }, {
  ""date"": ""2025-03-27"",
  ""stock_increased"": ""0.0"",
  ""stock_decreased"": ""0.0""
  }]
 }"
,Cà phê sữa hoà tan đậm vị Việt The Coffee House hộp 18 gói x 16g (1 Hộp),13.0,19168,58000.0,"{
  ""stock_history"": [{
  ""date"": ""2025-03-14"",
  ""stock_increased"": ""0.0"",
  ""stock_decreased"": ""1.0""
  }, {
  ""date"": ""2025-03-15"",
  ""stock_increased"": ""0.0"",
  ""stock_decreased"": ""0.0""
  }, {
  ""date"": ""2025-03-16"",
  ""stock_increased"": ""0.0"",
  ""stock_decreased"": ""0.0""
  }, {
  ""date"": ""2025-03-17"",
  ""stock_increased"": ""0.0"",
  ""stock_decreased"": ""0.0""
  }, {
  ""date"": ""2025-03-18"",
  ""stock_increased"": ""0.0"",
  ""stock_decreased"": ""0.0""
  }, {
  ""date"": ""2025-03-19"",
  ""stock_increased"": ""0.0"",
  ""stock_decreased"": ""0.0""
  }, {
  ""date"": ""2025-03-20"",
  ""stock_increased"": ""0.0"",
  ""stock_decreased"": ""0.0""
  }, {
  ""date"": ""2025-03-24"",
  ""stock_increased"": ""0.0"",
  ""stock_decreased"": ""0.0""
  }, {
  ""date"": ""2025-03-25"",
  ""stock_increased"": ""0.0"",
  ""stock_decreased"": ""0.0""
  }, {
  ""date"": ""2025-03-26"",
  ""stock_increased"": ""0.0"",
  ""stock_decreased"": ""0.0""
  }, {
  ""date"": ""2025-03-27"",
  ""stock_increased"": ""0.0"",
  ""stock_decreased"": ""0.0""
  }]
 }"
,Cà phê hoà tan đen G7 hộp 15 gói,555.0,18763,42000.0,"{
  ""stock_history"": [{
  ""date"": ""2025-03-07"",
  ""stock_increased"": ""4.0"",
  ""stock_decreased"": ""15.0""
  }, {
  ""date"": ""2025-03-08"",
  ""stock_increased"": ""0.0"",
  ""stock_decreased"": ""17.0""
  }, {
  ""date"": ""2025-03-09"",
  ""stock_increased"": ""14.0"",
  ""stock_decreased"": ""27.0""
  }, {
  ""date"": ""2025-03-10"",
  ""stock_increased"": ""4.0"",
  ""stock_decreased"": ""4.0""
  }, {
  ""date"": ""2025-03-11"",
  ""stock_increased"": ""0.0"",
  ""stock_decreased"": ""32.0""
  }, {
  ""date"": ""2025-03-12"",
  ""stock_increased"": ""0.0"",
  ""stock_decreased"": ""9.0""
  }, {
  ""date"": ""2025-03-13"",
  ""stock_increased"": ""8.0"",
  ""stock_decreased"": ""14.0""
  }, {
  ""date"": ""2025-03-14"",
  ""stock_increased"": ""0.0"",
  ""stock_decreased"": ""18.0""
  }, {
  ""date"": ""2025-03-15"",
  ""stock_increased"": ""0.0"",
  ""stock_decreased"": ""18.0""
  }, {
  ""date"": ""2025-03-16"",
  ""stock_increased"": ""0.0"",
  ""stock_decreased"": ""16.0""
  }, {
  ""date"": ""2025-03-17"",
  ""stock_increased"": ""0.0"",
  ""stock_decreased"": ""18.0""
  }, {
  ""date"": ""2025-03-18"",
  ""stock_increased"": ""9.0"",
  ""stock_decreased"": ""9.0""
  }, {
  ""date"": ""2025-03-19"",
  ""stock_increased"": ""0.0"",
  ""stock_decreased"": ""7.0""
  }, {
  ""date"": ""2025-03-20"",
  ""stock_increased"": ""0.0"",
  ""stock_decreased"": ""23.0""
  }, {
  ""date"": ""2025-03-24"",
  ""stock_increased"": ""0.0"",
  ""stock_decreased"": ""0.0""
  }, {
  ""date"": ""2025-03-25"",
  ""stock_increased"": ""0.0"",
  ""stock_decreased"": ""0.0""
  }, {
  ""date"": ""2025-03-26"",
  ""stock_increased"": ""0.0"",
  ""stock_decreased"": ""0.0""
  }, {
  ""date"": ""2025-03-27"",
  ""stock_increased"": ""23.0"",
  ""stock_decreased"": ""16.0""
  }, {
  ""date"": ""2025-03-28"",
  ""stock_increased"": ""0.0"",
  ""stock_decreased"": ""0.0""
  }]
 }"
,Cà phên 3in1 G7 hộp 21 gói x 16g,611.0,18257,89000.0,"{
  ""stock_history"": [{
  ""date"": ""2025-03-07"",
  ""stock_increased"": ""9.0"",
  ""stock_decreased"": ""20.0""
  }, {
  ""date"": ""2025-03-08"",
  ""stock_increased"": ""0.0"",
  ""stock_decreased"": ""17.0""
  }, {
  ""date"": ""2025-03-09"",
  ""stock_increased"": ""1.0"",
  ""stock_decreased"": ""22.0""
  }, {
  ""date"": ""2025-03-10"",
  ""stock_increased"": ""0.0"",
  ""stock_decreased"": ""28.0""
  }, {
  ""date"": ""2025-03-11"",
  ""stock_increased"": ""16.0"",
  ""stock_decreased"": ""18.0""
  }, {
  ""date"": ""2025-03-12"",
  ""stock_increased"": ""8.0"",
  ""stock_decreased"": ""33.0""
  }, {
  ""date"": ""2025-03-13"",
  ""stock_increased"": ""8.0"",
  ""stock_decreased"": ""1.0""
  }, {
  ""date"": ""2025-03-14"",
  ""stock_increased"": ""3.0"",
  ""stock_decreased"": ""4.0""
  }, {
  ""date"": ""2025-03-15"",
  ""stock_increased"": ""0.0"",
  ""stock_decreased"": ""17.0""
  }, {
  ""date"": ""2025-03-16"",
  ""stock_increased"": ""0.0"",
  ""stock_decreased"": ""24.0""
  }, {
  ""date"": ""2025-03-17"",
  ""stock_increased"": ""4.0"",
  ""stock_decreased"": ""14.0""
  }, {
  ""date"": ""2025-03-18"",
  ""stock_increased"": ""4.0"",
  ""stock_decreased"": ""12.0""
  }, {
  ""date"": ""2025-03-19"",
  ""stock_increased"": ""0.0"",
  ""stock_decreased"": ""16.0""
  }, {
  ""date"": ""2025-03-20"",
  ""stock_increased"": ""0.0"",
  ""stock_decreased"": ""27.0""
  }, {
  ""date"": ""2025-03-24"",
  ""stock_increased"": ""0.0"",
  ""stock_decreased"": ""0.0""
  }, {
  ""date"": ""2025-03-25"",
  ""stock_increased"": ""0.0"",
  ""stock_decreased"": ""0.0""
  }, {
  ""date"": ""2025-03-26"",
  ""stock_increased"": ""0.0"",
  ""stock_decreased"": ""0.0""
  }, {
  ""date"": ""2025-03-27"",
  ""stock_increased"": ""24.0"",
  ""stock_decreased"": ""1.0""
  }, {
  ""date"": ""2025-03-28"",
  ""stock_increased"": ""0.0"",
  ""stock_decreased"": ""0.0""
  }]
 }"
,Cà phê sữa đá 3in1 Nescafe hộp 10 gói x 20g,561.0,15347,50000.0,"{
  ""stock_history"": [{
  ""date"": ""2025-03-07"",
  ""stock_increased"": ""8.0"",
  ""stock_decreased"": ""6.0""
  }, {
  ""date"": ""2025-03-08"",
  ""stock_increased"": ""0.0"",
  ""stock_decreased"": ""3.0""
  }, {
  ""date"": ""2025-03-09"",
  ""stock_increased"": ""4.0"",
  ""stock_decreased"": ""12.0""
  }, {
  ""date"": ""2025-03-10"",
  ""stock_increased"": ""0.0"",
  ""stock_decreased"": ""17.0""
  }, {
  ""date"": ""2025-03-11"",
  ""stock_increased"": ""0.0"",
  ""stock_decreased"": ""18.0""
  }, {
  ""date"": ""2025-03-12"",
  ""stock_increased"": ""4.0"",
  ""stock_decreased"": ""9.0""
  }, {
  ""date"": ""2025-03-13"",
  ""stock_increased"": ""2.0"",
  ""stock_decreased"": ""16.0""
  }, {
  ""date"": ""2025-03-14"",
  ""stock_increased"": ""0.0"",
  ""stock_decreased"": ""16.0""
  }, {
  ""date"": ""2025-03-15"",
  ""stock_increased"": ""0.0"",
  ""stock_decreased"": ""12.0""
  }, {
  ""date"": ""2025-03-16"",
  ""stock_increased"": ""0.0"",
  ""stock_decreased"": ""16.0""
  }, {
  ""date"": ""2025-03-17"",
  ""stock_increased"": ""1.0"",
  ""stock_decreased"": ""11.0""
  }, {
  ""date"": ""2025-03-18"",
  ""stock_increased"": ""6.0"",
  ""stock_decreased"": ""8.0""
  }, {
  ""date"": ""2025-03-19"",
  ""stock_increased"": ""0.0"",
  ""stock_decreased"": ""7.0""
  }, {
  ""date"": ""2025-03-20"",
  ""stock_increased"": ""0.0"",
  ""stock_decreased"": ""7.0""
  }, {
  ""date"": ""2025-03-24"",
  ""stock_increased"": ""0.0"",
  ""stock_decreased"": ""0.0""
  }, {
  ""date"": ""2025-03-25"",
  ""stock_increased"": ""0.0"",
  ""stock_decreased"": ""0.0""
  }, {
  ""date"": ""2025-03-26"",
  ""stock_increased"": ""0.0"",
  ""stock_decreased"": ""0.0""
  }, {
  ""date"": ""2025-03-27"",
  ""stock_increased"": ""21.0"",
  ""stock_decreased"": ""6.0""
  }, {
  ""date"": ""2025-03-28"",
  ""stock_increased"": ""0.0"",
  ""stock_decreased"": ""0.0""
  }]
 }"
,Cà phê Trung Nguyên sáng tạo 1 gói 340g,476.0,12694,97000.0,"{
  ""stock_history"": [{
  ""date"": ""2025-03-07"",
  ""stock_increased"": ""0.0"",
  ""stock_decreased"": ""0.0""
  }, {
  ""date"": ""2025-03-08"",
  ""stock_increased"": ""0.0"",
  ""stock_decreased"": ""0.0""
  }, {
  ""date"": ""2025-03-09"",
  ""stock_increased"": ""0.0"",
  ""stock_decreased"": ""4.0""
  }, {
  ""date"": ""2025-03-10"",
  ""stock_increased"": ""5.0"",
  ""stock_decreased"": ""3.0""
  }, {
  ""date"": ""2025-03-11"",
  ""stock_increased"": ""5.0"",
  ""stock_decreased"": ""4.0""
  }, {
  ""date"": ""2025-03-12"",
  ""stock_increased"": ""0.0"",
  ""stock_decreased"": ""4.0""
  }, {
  ""date"": ""2025-03-13"",
  ""stock_increased"": ""1.0"",
  ""stock_decreased"": ""6.0""
  }, {
  ""date"": ""2025-03-14"",
  ""stock_increased"": ""340.0"",
  ""stock_decreased"": ""10.0""
  }, {
  ""date"": ""2025-03-15"",
  ""stock_increased"": ""0.0"",
  ""stock_decreased"": ""24.0""
  }, {
  ""date"": ""2025-03-16"",
  ""stock_increased"": ""0.0"",
  ""stock_decreased"": ""14.0""
  }, {
  ""date"": ""2025-03-17"",
  ""stock_increased"": ""10.0"",
  ""stock_decreased"": ""12.0""
  }, {
  ""date"": ""2025-03-18"",
  ""stock_increased"": ""12.0"",
  ""stock_decreased"": ""12.0""
  }, {
  ""date"": ""2025-03-19"",
  ""stock_increased"": ""0.0"",
  ""stock_decreased"": ""7.0""
  }, {
  ""date"": ""2025-03-20"",
  ""stock_increased"": ""0.0"",
  ""stock_decreased"": ""6.0""
  }, {
  ""date"": ""2025-03-24"",
  ""stock_increased"": ""0.0"",
  ""stock_decreased"": ""0.0""
  }, {
  ""date"": ""2025-03-25"",
  ""stock_increased"": ""0.0"",
  ""stock_decreased"": ""0.0""
  }, {
  ""date"": ""2025-03-26"",
  ""stock_increased"": ""0.0"",
  ""stock_decreased"": ""0.0""
  }, {
  ""date"": ""2025-03-27"",
  ""stock_increased"": ""17.0"",
  ""stock_decreased"": ""5.0""
  }, {
  ""date"": ""2025-03-28"",
  ""stock_increased"": ""0.0"",
  ""stock_decreased"": ""0.0""
  }]
 }"
,Cà phê rang xay Gold 3in1 Cà Phê Phố hộp 10 gói x 29g (1 Hộp),681.0,12291,66000.0,"{
  ""stock_history"": [{
  ""date"": ""2025-03-07"",
  ""stock_increased"": ""5.0"",
  ""stock_decreased"": ""16.0""
  }, {
  ""date"": ""2025-03-08"",
  ""stock_increased"": ""0.0"",
  ""stock_decreased"": ""14.0""
  }, {
  ""date"": ""2025-03-09"",
  ""stock_increased"": ""16.0"",
  ""stock_decreased"": ""21.0""
  }, {
  ""date"": ""2025-03-10"",
  ""stock_increased"": ""0.0"",
  ""stock_decreased"": ""28.0""
  }, {
  ""date"": ""2025-03-11"",
  ""stock_increased"": ""40.0"",
  ""stock_decreased"": ""26.0""
  }, {
  ""date"": ""2025-03-12"",
  ""stock_increased"": ""0.0"",
  ""stock_decreased"": ""17.0""
  }, {
  ""date"": ""2025-03-13"",
  ""stock_increased"": ""0.0"",
  ""stock_decreased"": ""18.0""
  }, {
  ""date"": ""2025-03-14"",
  ""stock_increased"": ""0.0"",
  ""stock_decreased"": ""12.0""
  }, {
  ""date"": ""2025-03-15"",
  ""stock_increased"": ""0.0"",
  ""stock_decreased"": ""14.0""
  }, {
  ""date"": ""2025-03-16"",
  ""stock_increased"": ""0.0"",
  ""stock_decreased"": ""16.0""
  }, {
  ""date"": ""2025-03-17"",
  ""stock_increased"": ""8.0"",
  ""stock_decreased"": ""21.0""
  }, {
  ""date"": ""2025-03-18"",
  ""stock_increased"": ""4.0"",
  ""stock_decreased"": ""11.0""
  }, {
  ""date"": ""2025-03-19"",
  ""stock_increased"": ""0.0"",
  ""stock_decreased"": ""6.0""
  }, {
  ""date"": ""2025-03-20"",
  ""stock_increased"": ""0.0"",
  ""stock_decreased"": ""10.0""
  }, {
  ""date"": ""2025-03-24"",
  ""stock_increased"": ""0.0"",
  ""stock_decreased"": ""0.0""
  }, {
  ""date"": ""2025-03-25"",
  ""stock_increased"": ""0.0"",
  ""stock_decreased"": ""0.0""
  }, {
  ""date"": ""2025-03-26"",
  ""stock_increased"": ""0.0"",
  ""stock_decreased"": ""0.0""
  }, {
  ""date"": ""2025-03-27"",
  ""stock_increased"": ""133.0"",
  ""stock_decreased"": ""0.0""
  }, {
  ""date"": ""2025-03-28"",
  ""stock_increased"": ""0.0"",
  ""stock_decreased"": ""0.0""
  }]
 }"
,Cà phê đậm đà hài hòa Nescafe hộp 20 gói x 17g,356.0,11641,67000.0,"{
  ""stock_history"": [{
  ""date"": ""2025-03-07"",
  ""stock_increased"": ""4.0"",
  ""stock_decreased"": ""4.0""
  }, {
  ""date"": ""2025-03-08"",
  ""stock_increased"": ""0.0"",
  ""stock_decreased"": ""4.0""
  }, {
  ""date"": ""2025-03-09"",
  ""stock_increased"": ""0.0"",
  ""stock_decreased"": ""2.0""
  }, {
  ""date"": ""2025-03-10"",
  ""stock_increased"": ""3.0"",
  ""stock_decreased"": ""1.0""
  }, {
  ""date"": ""2025-03-11"",
  ""stock_increased"": ""1.0"",
  ""stock_decreased"": ""3.0""
  }, {
  ""date"": ""2025-03-12"",
  ""stock_increased"": ""0.0"",
  ""stock_decreased"": ""5.0""
  }, {
  ""date"": ""2025-03-13"",
  ""stock_increased"": ""0.0"",
  ""stock_decreased"": ""3.0""
  }, {
  ""date"": ""2025-03-14"",
  ""stock_increased"": ""329.0"",
  ""stock_decreased"": ""2.0""
  }, {
  ""date"": ""2025-03-15"",
  ""stock_increased"": ""0.0"",
  ""stock_decreased"": ""16.0""
  }, {
  ""date"": ""2025-03-16"",
  ""stock_increased"": ""0.0"",
  ""stock_decreased"": ""20.0""
  }, {
  ""date"": ""2025-03-17"",
  ""stock_increased"": ""13.0"",
  ""stock_decreased"": ""9.0""
  }, {
  ""date"": ""2025-03-18"",
  ""stock_increased"": ""2.0"",
  ""stock_decreased"": ""11.0""
  }, {
  ""date"": ""2025-03-19"",
  ""stock_increased"": ""0.0"",
  ""stock_decreased"": ""6.0""
  }, {
  ""date"": ""2025-03-20"",
  ""stock_increased"": ""0.0"",
  ""stock_decreased"": ""11.0""
  }, {
  ""date"": ""2025-03-24"",
  ""stock_increased"": ""0.0"",
  ""stock_decreased"": ""0.0""
  }, {
  ""date"": ""2025-03-25"",
  ""stock_increased"": ""0.0"",
  ""stock_decreased"": ""0.0""
  }, {
  ""date"": ""2025-03-26"",
  ""stock_increased"": ""0.0"",
  ""stock_decreased"": ""0.0""
  }, {
  ""date"": ""2025-03-27"",
  ""stock_increased"": ""0.0"",
  ""stock_decreased"": ""32.0""
  }, {
  ""date"": ""2025-03-28"",
  ""stock_increased"": ""0.0"",
  ""stock_decreased"": ""0.0""
  }]
 }"
,Cà phê sữa nhà làm Cà Phê Phố hộp 10 gói x28g,508.0,11401,54000.0,"{
  ""stock_history"": [{
  ""date"": ""2025-03-07"",
  ""stock_increased"": ""6.0"",
  ""stock_decreased"": ""14.0""
  }, {
  ""date"": ""2025-03-08"",
  ""stock_increased"": ""0.0"",
  ""stock_decreased"": ""8.0""
  }, {
  ""date"": ""2025-03-09"",
  ""stock_increased"": ""10.0"",
  ""stock_decreased"": ""8.0""
  }, {
  ""date"": ""2025-03-10"",
  ""stock_increased"": ""0.0"",
  ""stock_decreased"": ""6.0""
  }, {
  ""date"": ""2025-03-11"",
  ""stock_increased"": ""12.0"",
  ""stock_decreased"": ""15.0""
  }, {
  ""date"": ""2025-03-12"",
  ""stock_increased"": ""0.0"",
  ""stock_decreased"": ""14.0""
  }, {
  ""date"": ""2025-03-13"",
  ""stock_increased"": ""9.0"",
  ""stock_decreased"": ""7.0""
  }, {
  ""date"": ""2025-03-14"",
  ""stock_increased"": ""0.0"",
  ""stock_decreased"": ""13.0""
  }, {
  ""date"": ""2025-03-15"",
  ""stock_increased"": ""0.0"",
  ""stock_decreased"": ""8.0""
  }, {
  ""date"": ""2025-03-16"",
  ""stock_increased"": ""0.0"",
  ""stock_decreased"": ""16.0""
  }, {
  ""date"": ""2025-03-17"",
  ""stock_increased"": ""2.0"",
  ""stock_decreased"": ""9.0""
  }, {
  ""date"": ""2025-03-18"",
  ""stock_increased"": ""4.0"",
  ""stock_decreased"": ""5.0""
  }, {
  ""date"": ""2025-03-19"",
  ""stock_increased"": ""0.0"",
  ""stock_decreased"": ""2.0""
  }, {
  ""date"": ""2025-03-20"",
  ""stock_increased"": ""0.0"",
  ""stock_decreased"": ""9.0""
  }, {
  ""date"": ""2025-03-24"",
  ""stock_increased"": ""0.0"",
  ""stock_decreased"": ""0.0""
  }, {
  ""date"": ""2025-03-25"",
  ""stock_increased"": ""0.0"",
  ""stock_decreased"": ""0.0""
  }, {
  ""date"": ""2025-03-26"",
  ""stock_increased"": ""0.0"",
  ""stock_decreased"": ""0.0""
  }, {
  ""date"": ""2025-03-27"",
  ""stock_increased"": ""25.0"",
  ""stock_decreased"": ""6.0""
  }, {
  ""date"": ""2025-03-28"",
  ""stock_increased"": ""0.0"",
  ""stock_decreased"": ""0.0""
  }]
 }"
,Cà phê rang xay truyền thống Highlands Coffee gói 200g,338.0,10899,85000.0,"{
  ""stock_history"": [{
  ""date"": ""2025-03-14"",
  ""stock_increased"": ""0.0"",
  ""stock_decreased"": ""12.0""
  }, {
  ""date"": ""2025-03-15"",
  ""stock_increased"": ""0.0"",
  ""stock_decreased"": ""12.0""
  }, {
  ""date"": ""2025-03-16"",
  ""stock_increased"": ""0.0"",
  ""stock_decreased"": ""8.0""
  }, {
  ""date"": ""2025-03-17"",
  ""stock_increased"": ""0.0"",
  ""stock_decreased"": ""14.0""
  }, {
  ""date"": ""2025-03-18"",
  ""stock_increased"": ""7.0"",
  ""stock_decreased"": ""8.0""
  }, {
  ""date"": ""2025-03-19"",
  ""stock_increased"": ""0.0"",
  ""stock_decreased"": ""6.0""
  }, {
  ""date"": ""2025-03-20"",
  ""stock_increased"": ""0.0"",
  ""stock_decreased"": ""13.0""
  }, {
  ""date"": ""2025-03-24"",
  ""stock_increased"": ""0.0"",
  ""stock_decreased"": ""0.0""
  }, {
  ""date"": ""2025-03-25"",
  ""stock_increased"": ""0.0"",
  ""stock_decreased"": ""0.0""
  }, {
  ""date"": ""2025-03-26"",
  ""stock_increased"": ""0.0"",
  ""stock_decreased"": ""0.0""
  }, {
  ""date"": ""2025-03-27"",
  ""stock_increased"": ""0.0"",
  ""stock_decreased"": ""0.0""
  }]
 }"
,Cà phê sữa The Coffee House 180ml (1 lon),1.0,10498,14900.0,"{
  ""stock_history"": [{
  ""date"": ""2025-03-14"",
  ""stock_increased"": ""0.0"",
  ""stock_decreased"": ""0.0""
  }, {
  ""date"": ""2025-03-15"",
  ""stock_increased"": ""0.0"",
  ""stock_decreased"": ""0.0""
  }, {
  ""date"": ""2025-03-16"",
  ""stock_increased"": ""0.0"",
  ""stock_decreased"": ""0.0""
  }, {
  ""date"": ""2025-03-17"",
  ""stock_increased"": ""0.0"",
  ""stock_decreased"": ""1.0""
  }, {
  ""date"": ""2025-03-18"",
  ""stock_increased"": ""0.0"",
  ""stock_decreased"": ""0.0""
  }, {
  ""date"": ""2025-03-19"",
  ""stock_increased"": ""0.0"",
  ""stock_decreased"": ""0.0""
  }, {
  ""date"": ""2025-03-20"",
  ""stock_increased"": ""0.0"",
  ""stock_decreased"": ""0.0""
  }, {
  ""date"": ""2025-03-24"",
  ""stock_increased"": ""0.0"",
  ""stock_decreased"": ""0.0""
  }, {
  ""date"": ""2025-03-25"",
  ""stock_increased"": ""0.0"",
  ""stock_decreased"": ""0.0""
  }, {
  ""date"": ""2025-03-26"",
  ""stock_increased"": ""0.0"",
  ""stock_decreased"": ""0.0""
  }, {
  ""date"": ""2025-03-27"",
  ""stock_increased"": ""0.0"",
  ""stock_decreased"": ""0.0""
  }]
 }"
,Cà phê sữa đá miền Nam Cà Phê Phố hộp 10 gói x 24g,383.0,10232,60000.0,"{
  ""stock_history"": [{
  ""date"": ""2025-03-07"",
  ""stock_increased"": ""7.0"",
  ""stock_decreased"": ""2.0""
  }, {
  ""date"": ""2025-03-08"",
  ""stock_increased"": ""0.0"",
  ""stock_decreased"": ""3.0""
  }, {
  ""date"": ""2025-03-09"",
  ""stock_increased"": ""2.0"",
  ""stock_decreased"": ""7.0""
  }, {
  ""date"": ""2025-03-10"",
  ""stock_increased"": ""0.0"",
  ""stock_decreased"": ""3.0""
  }, {
  ""date"": ""2025-03-11"",
  ""stock_increased"": ""4.0"",
  ""stock_decreased"": ""6.0""
  }, {
  ""date"": ""2025-03-12"",
  ""stock_increased"": ""0.0"",
  ""stock_decreased"": ""11.0""
  }, {
  ""date"": ""2025-03-13"",
  ""stock_increased"": ""0.0"",
  ""stock_decreased"": ""15.0""
  }, {
  ""date"": ""2025-03-14"",
  ""stock_increased"": ""0.0"",
  ""stock_decreased"": ""6.0""
  }, {
  ""date"": ""2025-03-15"",
  ""stock_increased"": ""0.0"",
  ""stock_decreased"": ""1.0""
  }, {
  ""date"": ""2025-03-16"",
  ""stock_increased"": ""0.0"",
  ""stock_decreased"": ""9.0""
  }, {
  ""date"": ""2025-03-17"",
  ""stock_increased"": ""4.0"",
  ""stock_decreased"": ""12.0""
  }, {
  ""date"": ""2025-03-18"",
  ""stock_increased"": ""4.0"",
  ""stock_decreased"": ""8.0""
  }, {
  ""date"": ""2025-03-19"",
  ""stock_increased"": ""0.0"",
  ""stock_decreased"": ""2.0""
  }, {
  ""date"": ""2025-03-20"",
  ""stock_increased"": ""0.0"",
  ""stock_decreased"": ""4.0""
  }, {
  ""date"": ""2025-03-24"",
  ""stock_increased"": ""0.0"",
  ""stock_decreased"": ""0.0""
  }, {
  ""date"": ""2025-03-25"",
  ""stock_increased"": ""0.0"",
  ""stock_decreased"": ""0.0""
  }, {
  ""date"": ""2025-03-26"",
  ""stock_increased"": ""0.0"",
  ""stock_decreased"": ""0.0""
  }, {
  ""date"": ""2025-03-27"",
  ""stock_increased"": ""16.0"",
  ""stock_decreased"": ""0.0""
  }, {
  ""date"": ""2025-03-28"",
  ""stock_increased"": ""0.0"",
  ""stock_decreased"": ""0.0""
  }]
 }"
,Cà phê đen đá The Coffee House hộp 14 gói x 16g (1 Hộp),462.0,9690,59000.0,"{
  ""stock_history"": [{
  ""date"": ""2025-03-07"",
  ""stock_increased"": ""8.0"",
  ""stock_decreased"": ""8.0""
  }, {
  ""date"": ""2025-03-08"",
  ""stock_increased"": ""0.0"",
  ""stock_decreased"": ""11.0""
  }, {
  ""date"": ""2025-03-09"",
  ""stock_increased"": ""2.0"",
  ""stock_decreased"": ""19.0""
  }, {
  ""date"": ""2025-03-10"",
  ""stock_increased"": ""6.0"",
  ""stock_decreased"": ""9.0""
  }, {
  ""date"": ""2025-03-11"",
  ""stock_increased"": ""0.0"",
  ""stock_decreased"": ""8.0""
  }, {
  ""date"": ""2025-03-12"",
  ""stock_increased"": ""7.0"",
  ""stock_decreased"": ""4.0""
  }, {
  ""date"": ""2025-03-13"",
  ""stock_increased"": ""2.0"",
  ""stock_decreased"": ""3.0""
  }, {
  ""date"": ""2025-03-14"",
  ""stock_increased"": ""3.0"",
  ""stock_decreased"": ""2.0""
  }, {
  ""date"": ""2025-03-15"",
  ""stock_increased"": ""0.0"",
  ""stock_decreased"": ""24.0""
  }, {
  ""date"": ""2025-03-16"",
  ""stock_increased"": ""0.0"",
  ""stock_decreased"": ""10.0""
  }, {
  ""date"": ""2025-03-17"",
  ""stock_increased"": ""0.0"",
  ""stock_decreased"": ""10.0""
  }, {
  ""date"": ""2025-03-18"",
  ""stock_increased"": ""2.0"",
  ""stock_decreased"": ""11.0""
  }, {
  ""date"": ""2025-03-19"",
  ""stock_increased"": ""0.0"",
  ""stock_decreased"": ""2.0""
  }, {
  ""date"": ""2025-03-20"",
  ""stock_increased"": ""0.0"",
  ""stock_decreased"": ""5.0""
  }, {
  ""date"": ""2025-03-24"",
  ""stock_increased"": ""0.0"",
  ""stock_decreased"": ""0.0""
  }, {
  ""date"": ""2025-03-25"",
  ""stock_increased"": ""0.0"",
  ""stock_decreased"": ""0.0""
  }, {
  ""date"": ""2025-03-26"",
  ""stock_increased"": ""0.0"",
  ""stock_decreased"": ""0.0""
  }, {
  ""date"": ""2025-03-27"",
  ""stock_increased"": ""8.0"",
  ""stock_decreased"": ""4.0""
  }, {
  ""date"": ""2025-03-28"",
  ""stock_increased"": ""0.0"",
  ""stock_decreased"": ""0.0""
  }]
 }"
,Cà phê sữa Café Sài Gòn Wake Up gói 456g,533.0,9575,53300.0,"{
  ""stock_history"": [{
  ""date"": ""2025-03-07"",
  ""stock_increased"": ""18.0"",
  ""stock_decreased"": ""4.0""
  }, {
  ""date"": ""2025-03-08"",
  ""stock_increased"": ""0.0"",
  ""stock_decreased"": ""18.0""
  }, {
  ""date"": ""2025-03-09"",
  ""stock_increased"": ""6.0"",
  ""stock_decreased"": ""25.0""
  }, {
  ""date"": ""2025-03-10"",
  ""stock_increased"": ""1.0"",
  ""stock_decreased"": ""14.0""
  }, {
  ""date"": ""2025-03-11"",
  ""stock_increased"": ""7.0"",
  ""stock_decreased"": ""18.0""
  }, {
  ""date"": ""2025-03-12"",
  ""stock_increased"": ""6.0"",
  ""stock_decreased"": ""15.0""
  }, {
  ""date"": ""2025-03-13"",
  ""stock_increased"": ""19.0"",
  ""stock_decreased"": ""0.0""
  }, {
  ""date"": ""2025-03-14"",
  ""stock_increased"": ""0.0"",
  ""stock_decreased"": ""20.0""
  }, {
  ""date"": ""2025-03-15"",
  ""stock_increased"": ""0.0"",
  ""stock_decreased"": ""28.0""
  }, {
  ""date"": ""2025-03-16"",
  ""stock_increased"": ""0.0"",
  ""stock_decreased"": ""17.0""
  }, {
  ""date"": ""2025-03-17"",
  ""stock_increased"": ""2.0"",
  ""stock_decreased"": ""18.0""
  }, {
  ""date"": ""2025-03-18"",
  ""stock_increased"": ""0.0"",
  ""stock_decreased"": ""15.0""
  }, {
  ""date"": ""2025-03-19"",
  ""stock_increased"": ""0.0"",
  ""stock_decreased"": ""6.0""
  }, {
  ""date"": ""2025-03-20"",
  ""stock_increased"": ""0.0"",
  ""stock_decreased"": ""8.0""
  }, {
  ""date"": ""2025-03-24"",
  ""stock_increased"": ""0.0"",
  ""stock_decreased"": ""1.0""
  }, {
  ""date"": ""2025-03-25"",
  ""stock_increased"": ""0.0"",
  ""stock_decreased"": ""0.0""
  }, {
  ""date"": ""2025-03-26"",
  ""stock_increased"": ""0.0"",
  ""stock_decreased"": ""0.0""
  }, {
  ""date"": ""2025-03-27"",
  ""stock_increased"": ""29.0"",
  ""stock_decreased"": ""1.0""
  }, {
  ""date"": ""2025-03-28"",
  ""stock_increased"": ""0.0"",
  ""stock_decreased"": ""0.0""
  }]
 }"
,Cà phê Trung Nguyên S chinh phục thành công gói 500g,478.0,9349,91000.0,"{
  ""stock_history"": [{
  ""date"": ""2025-03-14"",
  ""stock_increased"": ""0.0"",
  ""stock_decreased"": ""3.0""
  }, {
  ""date"": ""2025-03-15"",
  ""stock_increased"": ""0.0"",
  ""stock_decreased"": ""12.0""
  }, {
  ""date"": ""2025-03-16"",
  ""stock_increased"": ""0.0"",
  ""stock_decreased"": ""12.0""
  }, {
  ""date"": ""2025-03-17"",
  ""stock_increased"": ""7.0"",
  ""stock_decreased"": ""13.0""
  }, {
  ""date"": ""2025-03-18"",
  ""stock_increased"": ""6.0"",
  ""stock_decreased"": ""14.0""
  }, {
  ""date"": ""2025-03-19"",
  ""stock_increased"": ""0.0"",
  ""stock_decreased"": ""11.0""
  }, {
  ""date"": ""2025-03-20"",
  ""stock_increased"": ""0.0"",
  ""stock_decreased"": ""21.0""
  }, {
  ""date"": ""2025-03-24"",
  ""stock_increased"": ""0.0"",
  ""stock_decreased"": ""0.0""
  }, {
  ""date"": ""2025-03-25"",
  ""stock_increased"": ""0.0"",
  ""stock_decreased"": ""0.0""
  }, {
  ""date"": ""2025-03-26"",
  ""stock_increased"": ""0.0"",
  ""stock_decreased"": ""0.0""
  }, {
  ""date"": ""2025-03-27"",
  ""stock_increased"": ""0.0"",
  ""stock_decreased"": ""0.0""
  }]
 }"
,Cà phê đậm vị cà phê Nescafe hộp 20 gói x 17g,426.0,8990,67000.0,"{
  ""stock_history"": [{
  ""date"": ""2025-03-07"",
  ""stock_increased"": ""6.0"",
  ""stock_decreased"": ""0.0""
  }, {
  ""date"": ""2025-03-08"",
  ""stock_increased"": ""0.0"",
  ""stock_decreased"": ""4.0""
  }, {
  ""date"": ""2025-03-09"",
  ""stock_increased"": ""4.0"",
  ""stock_decreased"": ""4.0""
  }, {
  ""date"": ""2025-03-10"",
  ""stock_increased"": ""0.0"",
  ""stock_decreased"": ""0.0""
  }, {
  ""date"": ""2025-03-14"",
  ""stock_increased"": ""0.0"",
  ""stock_decreased"": ""5.0""
  }, {
  ""date"": ""2025-03-15"",
  ""stock_increased"": ""0.0"",
  ""stock_decreased"": ""14.0""
  }, {
  ""date"": ""2025-03-16"",
  ""stock_increased"": ""0.0"",
  ""stock_decreased"": ""11.0""
  }, {
  ""date"": ""2025-03-17"",
  ""stock_increased"": ""3.0"",
  ""stock_decreased"": ""14.0""
  }, {
  ""date"": ""2025-03-18"",
  ""stock_increased"": ""0.0"",
  ""stock_decreased"": ""5.0""
  }, {
  ""date"": ""2025-03-19"",
  ""stock_increased"": ""0.0"",
  ""stock_decreased"": ""10.0""
  }, {
  ""date"": ""2025-03-20"",
  ""stock_increased"": ""0.0"",
  ""stock_decreased"": ""16.0""
  }, {
  ""date"": ""2025-03-24"",
  ""stock_increased"": ""0.0"",
  ""stock_decreased"": ""0.0""
  }, {
  ""date"": ""2025-03-25"",
  ""stock_increased"": ""0.0"",
  ""stock_decreased"": ""0.0""
  }, {
  ""date"": ""2025-03-26"",
  ""stock_increased"": ""0.0"",
  ""stock_decreased"": ""0.0""
  }, {
  ""date"": ""2025-03-27"",
  ""stock_increased"": ""23.0"",
  ""stock_decreased"": ""1.0""
  }, {
  ""date"": ""2025-03-28"",
  ""stock_increased"": ""0.0"",
  ""stock_decreased"": ""0.0""
  }]
 }"
,Cà phê sữa 3in1 VinaCafé Gold Original gói 480g,462.0,8711,84000.0,"{
  ""stock_history"": [{
  ""date"": ""2025-03-07"",
  ""stock_increased"": ""0.0"",
  ""stock_decreased"": ""14.0""
  }, {
  ""date"": ""2025-03-08"",
  ""stock_increased"": ""0.0"",
  ""stock_decreased"": ""15.0""
  }, {
  ""date"": ""2025-03-09"",
  ""stock_increased"": ""7.0"",
  ""stock_decreased"": ""19.0""
  }, {
  ""date"": ""2025-03-10"",
  ""stock_increased"": ""0.0"",
  ""stock_decreased"": ""10.0""
  }, {
  ""date"": ""2025-03-11"",
  ""stock_increased"": ""20.0"",
  ""stock_decreased"": ""18.0""
  }, {
  ""date"": ""2025-03-12"",
  ""stock_increased"": ""2.0"",
  ""stock_decreased"": ""5.0""
  }, {
  ""date"": ""2025-03-13"",
  ""stock_increased"": ""21.0"",
  ""stock_decreased"": ""5.0""
  }, {
  ""date"": ""2025-03-14"",
  ""stock_increased"": ""6.0"",
  ""stock_decreased"": ""6.0""
  }, {
  ""date"": ""2025-03-15"",
  ""stock_increased"": ""0.0"",
  ""stock_decreased"": ""11.0""
  }, {
  ""date"": ""2025-03-16"",
  ""stock_increased"": ""0.0"",
  ""stock_decreased"": ""12.0""
  }, {
  ""date"": ""2025-03-17"",
  ""stock_increased"": ""3.0"",
  ""stock_decreased"": ""9.0""
  }, {
  ""date"": ""2025-03-18"",
  ""stock_increased"": ""5.0"",
  ""stock_decreased"": ""7.0""
  }, {
  ""date"": ""2025-03-19"",
  ""stock_increased"": ""0.0"",
  ""stock_decreased"": ""6.0""
  }, {
  ""date"": ""2025-03-20"",
  ""stock_increased"": ""0.0"",
  ""stock_decreased"": ""5.0""
  }, {
  ""date"": ""2025-03-24"",
  ""stock_increased"": ""0.0"",
  ""stock_decreased"": ""0.0""
  }, {
  ""date"": ""2025-03-25"",
  ""stock_increased"": ""0.0"",
  ""stock_decreased"": ""0.0""
  }, {
  ""date"": ""2025-03-26"",
  ""stock_increased"": ""0.0"",
  ""stock_decreased"": ""0.0""
  }, {
  ""date"": ""2025-03-27"",
  ""stock_increased"": ""0.0"",
  ""stock_decreased"": ""9.0""
  }, {
  ""date"": ""2025-03-28"",
  ""stock_increased"": ""0.0"",
  ""stock_decreased"": ""0.0""
  }]
 }"
,Cà phê hòa tan đen G7 bịch 50 gói x 15g,380.0,8297,181000.0,"{
  ""stock_history"": [{
  ""date"": ""2025-03-14"",
  ""stock_increased"": ""0.0"",
  ""stock_decreased"": ""3.0""
  }, {
  ""date"": ""2025-03-15"",
  ""stock_increased"": ""0.0"",
  ""stock_decreased"": ""11.0""
  }, {
  ""date"": ""2025-03-16"",
  ""stock_increased"": ""0.0"",
  ""stock_decreased"": ""5.0""
  }, {
  ""date"": ""2025-03-17"",
  ""stock_increased"": ""9.0"",
  ""stock_decreased"": ""4.0""
  }, {
  ""date"": ""2025-03-18"",
  ""stock_increased"": ""0.0"",
  ""stock_decreased"": ""9.0""
  }, {
  ""date"": ""2025-03-19"",
  ""stock_increased"": ""0.0"",
  ""stock_decreased"": ""2.0""
  }, {
  ""date"": ""2025-03-20"",
  ""stock_increased"": ""0.0"",
  ""stock_decreased"": ""12.0""
  }, {
  ""date"": ""2025-03-24"",
  ""stock_increased"": ""0.0"",
  ""stock_decreased"": ""0.0""
  }, {
  ""date"": ""2025-03-25"",
  ""stock_increased"": ""0.0"",
  ""stock_decreased"": ""0.0""
  }, {
  ""date"": ""2025-03-26"",
  ""stock_increased"": ""0.0"",
  ""stock_decreased"": ""0.0""
  }, {
  ""date"": ""2025-03-27"",
  ""stock_increased"": ""0.0"",
  ""stock_decreased"": ""0.0""
  }]
 }"
,Cà phê đen đá Cà Phê Phố hộp 10 gói x16g,350.0,7998,46000.0,"{
  ""stock_history"": [{
  ""date"": ""2025-03-07"",
  ""stock_increased"": ""4.0"",
  ""stock_decreased"": ""4.0""
  }, {
  ""date"": ""2025-03-08"",
  ""stock_increased"": ""0.0"",
  ""stock_decreased"": ""6.0""
  }, {
  ""date"": ""2025-03-09"",
  ""stock_increased"": ""2.0"",
  ""stock_decreased"": ""6.0""
  }, {
  ""date"": ""2025-03-10"",
  ""stock_increased"": ""6.0"",
  ""stock_decreased"": ""1.0""
  }, {
  ""date"": ""2025-03-11"",
  ""stock_increased"": ""9.0"",
  ""stock_decreased"": ""7.0""
  }, {
  ""date"": ""2025-03-12"",
  ""stock_increased"": ""0.0"",
  ""stock_decreased"": ""6.0""
  }, {
  ""date"": ""2025-03-13"",
  ""stock_increased"": ""2.0"",
  ""stock_decreased"": ""6.0""
  }, {
  ""date"": ""2025-03-14"",
  ""stock_increased"": ""0.0"",
  ""stock_decreased"": ""10.0""
  }, {
  ""date"": ""2025-03-15"",
  ""stock_increased"": ""0.0"",
  ""stock_decreased"": ""8.0""
  }, {
  ""date"": ""2025-03-16"",
  ""stock_increased"": ""0.0"",
  ""stock_decreased"": ""11.0""
  }, {
  ""date"": ""2025-03-17"",
  ""stock_increased"": ""7.0"",
  ""stock_decreased"": ""3.0""
  }, {
  ""date"": ""2025-03-18"",
  ""stock_increased"": ""0.0"",
  ""stock_decreased"": ""4.0""
  }, {
  ""date"": ""2025-03-19"",
  ""stock_increased"": ""0.0"",
  ""stock_decreased"": ""6.0""
  }, {
  ""date"": ""2025-03-20"",
  ""stock_increased"": ""0.0"",
  ""stock_decreased"": ""6.0""
  }, {
  ""date"": ""2025-03-24"",
  ""stock_increased"": ""0.0"",
  ""stock_decreased"": ""0.0""
  }, {
  ""date"": ""2025-03-25"",
  ""stock_increased"": ""0.0"",
  ""stock_decreased"": ""0.0""
  }, {
  ""date"": ""2025-03-26"",
  ""stock_increased"": ""0.0"",
  ""stock_decreased"": ""0.0""
  }, {
  ""date"": ""2025-03-27"",
  ""stock_increased"": ""15.0"",
  ""stock_decreased"": ""4.0""
  }, {
  ""date"": ""2025-03-28"",
  ""stock_increased"": ""0.0"",
  ""stock_decreased"": ""0.0""
  }]
 }"
,Cà phê sữa đá hòa tan The Coffee House bịch 25 gói x 22g,36.0,7613,135000.0,"{
  ""stock_history"": [{
  ""date"": ""2025-03-14"",
  ""stock_increased"": ""0.0"",
  ""stock_decreased"": ""1.0""
  }, {
  ""date"": ""2025-03-15"",
  ""stock_increased"": ""0.0"",
  ""stock_decreased"": ""2.0""
  }, {
  ""date"": ""2025-03-16"",
  ""stock_increased"": ""0.0"",
  ""stock_decreased"": ""0.0""
  }, {
  ""date"": ""2025-03-17"",
  ""stock_increased"": ""0.0"",
  ""stock_decreased"": ""0.0""
  }, {
  ""date"": ""2025-03-18"",
  ""stock_increased"": ""0.0"",
  ""stock_decreased"": ""1.0""
  }, {
  ""date"": ""2025-03-19"",
  ""stock_increased"": ""0.0"",
  ""stock_decreased"": ""0.0""
  }, {
  ""date"": ""2025-03-20"",
  ""stock_increased"": ""0.0"",
  ""stock_decreased"": ""0.0""
  }, {
  ""date"": ""2025-03-24"",
  ""stock_increased"": ""0.0"",
  ""stock_decreased"": ""0.0""
  }, {
  ""date"": ""2025-03-25"",
  ""stock_increased"": ""0.0"",
  ""stock_decreased"": ""0.0""
  }, {
  ""date"": ""2025-03-26"",
  ""stock_increased"": ""0.0"",
  ""stock_decreased"": ""0.0""
  }, {
  ""date"": ""2025-03-27"",
  ""stock_increased"": ""0.0"",
  ""stock_decreased"": ""0.0""
  }]
 }"
,Cà phê Trung Nguyên I khát vọng khởi nghiệp gói 500g,360.0,7484,110000.0,"{
  ""stock_history"": [{
  ""date"": ""2025-03-14"",
  ""stock_increased"": ""0.0"",
  ""stock_decreased"": ""3.0""
  }, {
  ""date"": ""2025-03-15"",
  ""stock_increased"": ""0.0"",
  ""stock_decreased"": ""20.0""
  }, {
  ""date"": ""2025-03-16"",
  ""stock_increased"": ""0.0"",
  ""stock_decreased"": ""8.0""
  }, {
  ""date"": ""2025-03-17"",
  ""stock_increased"": ""3.0"",
  ""stock_decreased"": ""11.0""
  }, {
  ""date"": ""2025-03-18"",
  ""stock_increased"": ""4.0"",
  ""stock_decreased"": ""10.0""
  }, {
  ""date"": ""2025-03-19"",
  ""stock_increased"": ""0.0"",
  ""stock_decreased"": ""3.0""
  }, {
  ""date"": ""2025-03-20"",
  ""stock_increased"": ""0.0"",
  ""stock_decreased"": ""6.0""
  }, {
  ""date"": ""2025-03-24"",
  ""stock_increased"": ""0.0"",
  ""stock_decreased"": ""0.0""
  }, {
  ""date"": ""2025-03-25"",
  ""stock_increased"": ""0.0"",
  ""stock_decreased"": ""0.0""
  }, {
  ""date"": ""2025-03-26"",
  ""stock_increased"": ""0.0"",
  ""stock_decreased"": ""0.0""
  }, {
  ""date"": ""2025-03-27"",
  ""stock_increased"": ""0.0"",
  ""stock_decreased"": ""0.0""
  }]
 }"
,Cà phê hòa tan sữa đá Legend Trung Nguyên hộp 9 gói x 25g,349.0,6418,114000.0,"{
  ""stock_history"": [{
  ""date"": ""2025-03-14"",
  ""stock_increased"": ""0.0"",
  ""stock_decreased"": ""5.0""
  }, {
  ""date"": ""2025-03-15"",
  ""stock_increased"": ""2.0"",
  ""stock_decreased"": ""8.0""
  }, {
  ""date"": ""2025-03-16"",
  ""stock_increased"": ""0.0"",
  ""stock_decreased"": ""15.0""
  }, {
  ""date"": ""2025-03-17"",
  ""stock_increased"": ""2.0"",
  ""stock_decreased"": ""6.0""
  }, {
  ""date"": ""2025-03-18"",
  ""stock_increased"": ""4.0"",
  ""stock_decreased"": ""16.0""
  }, {
  ""date"": ""2025-03-19"",
  ""stock_increased"": ""0.0"",
  ""stock_decreased"": ""5.0""
  }, {
  ""date"": ""2025-03-20"",
  ""stock_increased"": ""0.0"",
  ""stock_decreased"": ""6.0""
  }, {
  ""date"": ""2025-03-24"",
  ""stock_increased"": ""0.0"",
  ""stock_decreased"": ""0.0""
  }, {
  ""date"": ""2025-03-25"",
  ""stock_increased"": ""0.0"",
  ""stock_decreased"": ""0.0""
  }, {
  ""date"": ""2025-03-26"",
  ""stock_increased"": ""0.0"",
  ""stock_decreased"": ""0.0""
  }, {
  ""date"": ""2025-03-27"",
  ""stock_increased"": ""0.0"",
  ""stock_decreased"": ""0.0""
  }]
 }"
,Cà phê rang xay original 1 The Coffee House gói 250g,283.0,6337,85000.0,"{
  ""stock_history"": [{
  ""date"": ""2025-03-14"",
  ""stock_increased"": ""0.0"",
  ""stock_decreased"": ""2.0""
  }, {
  ""date"": ""2025-03-15"",
  ""stock_increased"": ""0.0"",
  ""stock_decreased"": ""7.0""
  }, {
  ""date"": ""2025-03-16"",
  ""stock_increased"": ""0.0"",
  ""stock_decreased"": ""7.0""
  }, {
  ""date"": ""2025-03-17"",
  ""stock_increased"": ""0.0"",
  ""stock_decreased"": ""6.0""
  }, {
  ""date"": ""2025-03-18"",
  ""stock_increased"": ""6.0"",
  ""stock_decreased"": ""6.0""
  }, {
  ""date"": ""2025-03-19"",
  ""stock_increased"": ""0.0"",
  ""stock_decreased"": ""2.0""
  }, {
  ""date"": ""2025-03-20"",
  ""stock_increased"": ""0.0"",
  ""stock_decreased"": ""5.0""
  }, {
  ""date"": ""2025-03-24"",
  ""stock_increased"": ""0.0"",
  ""stock_decreased"": ""0.0""
  }, {
  ""date"": ""2025-03-25"",
  ""stock_increased"": ""0.0"",
  ""stock_decreased"": ""0.0""
  }, {
  ""date"": ""2025-03-26"",
  ""stock_increased"": ""0.0"",
  ""stock_decreased"": ""0.0""
  }, {
  ""date"": ""2025-03-27"",
  ""stock_increased"": ""0.0"",
  ""stock_decreased"": ""0.0""
  }]
 }"
,Cà phê hòa tan đen đá 2in1 Nescafe hộp 15 gói x 16g,313.0,6090,64500.0,"{
  ""stock_history"": [{
  ""date"": ""2025-03-07"",
  ""stock_increased"": ""0.0"",
  ""stock_decreased"": ""0.0""
  }, {
  ""date"": ""2025-03-08"",
  ""stock_increased"": ""0.0"",
  ""stock_decreased"": ""0.0""
  }, {
  ""date"": ""2025-03-09"",
  ""stock_increased"": ""0.0"",
  ""stock_decreased"": ""0.0""
  }, {
  ""date"": ""2025-03-10"",
  ""stock_increased"": ""0.0"",
  ""stock_decreased"": ""0.0""
  }, {
  ""date"": ""2025-03-11"",
  ""stock_increased"": ""0.0"",
  ""stock_decreased"": ""0.0""
  }, {
  ""date"": ""2025-03-12"",
  ""stock_increased"": ""58.0"",
  ""stock_decreased"": ""2.0""
  }, {
  ""date"": ""2025-03-13"",
  ""stock_increased"": ""29.0"",
  ""stock_decreased"": ""0.0""
  }, {
  ""date"": ""2025-03-14"",
  ""stock_increased"": ""6.0"",
  ""stock_decreased"": ""5.0""
  }, {
  ""date"": ""2025-03-15"",
  ""stock_increased"": ""0.0"",
  ""stock_decreased"": ""15.0""
  }, {
  ""date"": ""2025-03-16"",
  ""stock_increased"": ""0.0"",
  ""stock_decreased"": ""9.0""
  }, {
  ""date"": ""2025-03-17"",
  ""stock_increased"": ""2.0"",
  ""stock_decreased"": ""10.0""
  }, {
  ""date"": ""2025-03-18"",
  ""stock_increased"": ""0.0"",
  ""stock_decreased"": ""5.0""
  }, {
  ""date"": ""2025-03-19"",
  ""stock_increased"": ""0.0"",
  ""stock_decreased"": ""2.0""
  }, {
  ""date"": ""2025-03-20"",
  ""stock_increased"": ""0.0"",
  ""stock_decreased"": ""6.0""
  }, {
  ""date"": ""2025-03-24"",
  ""stock_increased"": ""0.0"",
  ""stock_decreased"": ""0.0""
  }, {
  ""date"": ""2025-03-25"",
  ""stock_increased"": ""0.0"",
  ""stock_decreased"": ""0.0""
  }, {
  ""date"": ""2025-03-26"",
  ""stock_increased"": ""0.0"",
  ""stock_decreased"": ""0.0""
  }, {
  ""date"": ""2025-03-27"",
  ""stock_increased"": ""0.0"",
  ""stock_decreased"": ""51.0""
  }, {
  ""date"": ""2025-03-28"",
  ""stock_increased"": ""0.0"",
  ""stock_decreased"": ""0.0""
  }]
 }"
,Cà phê hòa tan đen đá 2in1 Nescafe 35 gói x16g,324.0,5536,136000.0,"{
  ""stock_history"": [{
  ""date"": ""2025-03-07"",
  ""stock_increased"": ""0.0"",
  ""stock_decreased"": ""0.0""
  }, {
  ""date"": ""2025-03-08"",
  ""stock_increased"": ""0.0"",
  ""stock_decreased"": ""0.0""
  }, {
  ""date"": ""2025-03-09"",
  ""stock_increased"": ""0.0"",
  ""stock_decreased"": ""0.0""
  }, {
  ""date"": ""2025-03-10"",
  ""stock_increased"": ""0.0"",
  ""stock_decreased"": ""0.0""
  }, {
  ""date"": ""2025-03-11"",
  ""stock_increased"": ""0.0"",
  ""stock_decreased"": ""0.0""
  }, {
  ""date"": ""2025-03-12"",
  ""stock_increased"": ""0.0"",
  ""stock_decreased"": ""0.0""
  }, {
  ""date"": ""2025-03-13"",
  ""stock_increased"": ""0.0"",
  ""stock_decreased"": ""0.0""
  }, {
  ""date"": ""2025-03-14"",
  ""stock_increased"": ""0.0"",
  ""stock_decreased"": ""0.0""
  }, {
  ""date"": ""2025-03-15"",
  ""stock_increased"": ""48.0"",
  ""stock_decreased"": ""0.0""
  }, {
  ""date"": ""2025-03-16"",
  ""stock_increased"": ""0.0"",
  ""stock_decreased"": ""1.0""
  }, {
  ""date"": ""2025-03-17"",
  ""stock_increased"": ""16.0"",
  ""stock_decreased"": ""0.0""
  }, {
  ""date"": ""2025-03-18"",
  ""stock_increased"": ""2.0"",
  ""stock_decreased"": ""5.0""
  }, {
  ""date"": ""2025-03-19"",
  ""stock_increased"": ""0.0"",
  ""stock_decreased"": ""1.0""
  }, {
  ""date"": ""2025-03-20"",
  ""stock_increased"": ""4.0"",
  ""stock_decreased"": ""0.0""
  }, {
  ""date"": ""2025-03-24"",
  ""stock_increased"": ""0.0"",
  ""stock_decreased"": ""0.0""
  }, {
  ""date"": ""2025-03-25"",
  ""stock_increased"": ""0.0"",
  ""stock_decreased"": ""0.0""
  }, {
  ""date"": ""2025-03-26"",
  ""stock_increased"": ""0.0"",
  ""stock_decreased"": ""0.0""
  }, {
  ""date"": ""2025-03-27"",
  ""stock_increased"": ""0.0"",
  ""stock_decreased"": ""13.0""
  }, {
  ""date"": ""2025-03-28"",
  ""stock_increased"": ""0.0"",
  ""stock_decreased"": ""0.0""
  }]
 }"
,Cà phê sữa Boss lon 180ml (1 Lon),1073.0,5506,12000.0,"{
  ""stock_history"": [{
  ""date"": ""2025-03-07"",
  ""stock_increased"": ""18.0"",
  ""stock_decreased"": ""18.0""
  }, {
  ""date"": ""2025-03-08"",
  ""stock_increased"": ""0.0"",
  ""stock_decreased"": ""28.0""
  }, {
  ""date"": ""2025-03-09"",
  ""stock_increased"": ""11.0"",
  ""stock_decreased"": ""12.0""
  }, {
  ""date"": ""2025-03-10"",
  ""stock_increased"": ""8.0"",
  ""stock_decreased"": ""24.0""
  }, {
  ""date"": ""2025-03-11"",
  ""stock_increased"": ""1.0"",
  ""stock_decreased"": ""50.0""
  }, {
  ""date"": ""2025-03-12"",
  ""stock_increased"": ""5.0"",
  ""stock_decreased"": ""14.0""
  }, {
  ""date"": ""2025-03-13"",
  ""stock_increased"": ""6.0"",
  ""stock_decreased"": ""19.0""
  }, {
  ""date"": ""2025-03-14"",
  ""stock_increased"": ""12.0"",
  ""stock_decreased"": ""34.0""
  }, {
  ""date"": ""2025-03-15"",
  ""stock_increased"": ""0.0"",
  ""stock_decreased"": ""31.0""
  }, {
  ""date"": ""2025-03-16"",
  ""stock_increased"": ""0.0"",
  ""stock_decreased"": ""25.0""
  }, {
  ""date"": ""2025-03-17"",
  ""stock_increased"": ""0.0"",
  ""stock_decreased"": ""30.0""
  }, {
  ""date"": ""2025-03-18"",
  ""stock_increased"": ""5.0"",
  ""stock_decreased"": ""19.0""
  }, {
  ""date"": ""2025-03-19"",
  ""stock_increased"": ""0.0"",
  ""stock_decreased"": ""8.0""
  }, {
  ""date"": ""2025-03-20"",
  ""stock_increased"": ""0.0"",
  ""stock_decreased"": ""30.0""
  }, {
  ""date"": ""2025-03-24"",
  ""stock_increased"": ""0.0"",
  ""stock_decreased"": ""0.0""
  }, {
  ""date"": ""2025-03-25"",
  ""stock_increased"": ""0.0"",
  ""stock_decreased"": ""1.0""
  }, {
  ""date"": ""2025-03-26"",
  ""stock_increased"": ""0.0"",
  ""stock_decreased"": ""0.0""
  }, {
  ""date"": ""2025-03-27"",
  ""stock_increased"": ""38.0"",
  ""stock_decreased"": ""44.0""
  }, {
  ""date"": ""2025-03-28"",
  ""stock_increased"": ""0.0"",
  ""stock_decreased"": ""0.0""
  }]
 }"
,Cà phê sáng tạo 5 Trung Nguyên gói 340g,380.0,5459,192000.0,"{
  ""stock_history"": [{
  ""date"": ""2025-03-07"",
  ""stock_increased"": ""0.0"",
  ""stock_decreased"": ""0.0""
  }, {
  ""date"": ""2025-03-08"",
  ""stock_increased"": ""0.0"",
  ""stock_decreased"": ""0.0""
  }, {
  ""date"": ""2025-03-09"",
  ""stock_increased"": ""0.0"",
  ""stock_decreased"": ""0.0""
  }, {
  ""date"": ""2025-03-10"",
  ""stock_increased"": ""0.0"",
  ""stock_decreased"": ""0.0""
  }, {
  ""date"": ""2025-03-11"",
  ""stock_increased"": ""0.0"",
  ""stock_decreased"": ""0.0""
  }, {
  ""date"": ""2025-03-12"",
  ""stock_increased"": ""0.0"",
  ""stock_decreased"": ""0.0""
  }, {
  ""date"": ""2025-03-13"",
  ""stock_increased"": ""0.0"",
  ""stock_decreased"": ""0.0""
  }, {
  ""date"": ""2025-03-14"",
  ""stock_increased"": ""0.0"",
  ""stock_decreased"": ""0.0""
  }, {
  ""date"": ""2025-03-15"",
  ""stock_increased"": ""0.0"",
  ""stock_decreased"": ""0.0""
  }, {
  ""date"": ""2025-03-16"",
  ""stock_increased"": ""0.0"",
  ""stock_decreased"": ""0.0""
  }, {
  ""date"": ""2025-03-17"",
  ""stock_increased"": ""6.0"",
  ""stock_decreased"": ""1.0""
  }, {
  ""date"": ""2025-03-18"",
  ""stock_increased"": ""76.0"",
  ""stock_decreased"": ""2.0""
  }, {
  ""date"": ""2025-03-19"",
  ""stock_increased"": ""0.0"",
  ""stock_decreased"": ""1.0""
  }, {
  ""date"": ""2025-03-20"",
  ""stock_increased"": ""0.0"",
  ""stock_decreased"": ""12.0""
  }, {
  ""date"": ""2025-03-24"",
  ""stock_increased"": ""0.0"",
  ""stock_decreased"": ""0.0""
  }, {
  ""date"": ""2025-03-25"",
  ""stock_increased"": ""0.0"",
  ""stock_decreased"": ""0.0""
  }, {
  ""date"": ""2025-03-26"",
  ""stock_increased"": ""0.0"",
  ""stock_decreased"": ""0.0""
  }, {
  ""date"": ""2025-03-27"",
  ""stock_increased"": ""0.0"",
  ""stock_decreased"": ""24.0""
  }, {
  ""date"": ""2025-03-28"",
  ""stock_increased"": ""0.0"",
  ""stock_decreased"": ""0.0""
  }]
 }"
,Cà phê đậm đà hài hòa Nescafe 46 gói x 17g (1 Bịch),303.0,4227,139000.0,"{
  ""stock_history"": [{
  ""date"": ""2025-03-07"",
  ""stock_increased"": ""0.0"",
  ""stock_decreased"": ""0.0""
  }, {
  ""date"": ""2025-03-08"",
  ""stock_increased"": ""0.0"",
  ""stock_decreased"": ""0.0""
  }, {
  ""date"": ""2025-03-09"",
  ""stock_increased"": ""0.0"",
  ""stock_decreased"": ""2.0""
  }, {
  ""date"": ""2025-03-10"",
  ""stock_increased"": ""0.0"",
  ""stock_decreased"": ""2.0""
  }, {
  ""date"": ""2025-03-11"",
  ""stock_increased"": ""0.0"",
  ""stock_decreased"": ""2.0""
  }, {
  ""date"": ""2025-03-12"",
  ""stock_increased"": ""31.0"",
  ""stock_decreased"": ""6.0""
  }, {
  ""date"": ""2025-03-13"",
  ""stock_increased"": ""33.0"",
  ""stock_decreased"": ""0.0""
  }, {
  ""date"": ""2025-03-14"",
  ""stock_increased"": ""8.0"",
  ""stock_decreased"": ""4.0""
  }, {
  ""date"": ""2025-03-15"",
  ""stock_increased"": ""1.0"",
  ""stock_decreased"": ""0.0""
  }, {
  ""date"": ""2025-03-16"",
  ""stock_increased"": ""0.0"",
  ""stock_decreased"": ""3.0""
  }, {
  ""date"": ""2025-03-17"",
  ""stock_increased"": ""3.0"",
  ""stock_decreased"": ""3.0""
  }, {
  ""date"": ""2025-03-18"",
  ""stock_increased"": ""8.0"",
  ""stock_decreased"": ""1.0""
  }, {
  ""date"": ""2025-03-19"",
  ""stock_increased"": ""0.0"",
  ""stock_decreased"": ""1.0""
  }, {
  ""date"": ""2025-03-20"",
  ""stock_increased"": ""1.0"",
  ""stock_decreased"": ""0.0""
  }, {
  ""date"": ""2025-03-24"",
  ""stock_increased"": ""0.0"",
  ""stock_decreased"": ""0.0""
  }, {
  ""date"": ""2025-03-25"",
  ""stock_increased"": ""0.0"",
  ""stock_decreased"": ""0.0""
  }, {
  ""date"": ""2025-03-26"",
  ""stock_increased"": ""0.0"",
  ""stock_decreased"": ""0.0""
  }, {
  ""date"": ""2025-03-27"",
  ""stock_increased"": ""2.0"",
  ""stock_decreased"": ""1.0""
  }, {
  ""date"": ""2025-03-28"",
  ""stock_increased"": ""0.0"",
  ""stock_decreased"": ""0.0""
  }]
 }"
,Cà phê sữa đá miền Nam Cà Phê Phố túi 30 gói x 24g,43.0,3628,175000.0,"{
  ""stock_history"": [{
  ""date"": ""2025-03-14"",
  ""stock_increased"": ""0.0"",
  ""stock_decreased"": ""0.0""
  }, {
  ""date"": ""2025-03-15"",
  ""stock_increased"": ""0.0"",
  ""stock_decreased"": ""0.0""
  }, {
  ""date"": ""2025-03-16"",
  ""stock_increased"": ""0.0"",
  ""stock_decreased"": ""2.0""
  }, {
  ""date"": ""2025-03-17"",
  ""stock_increased"": ""0.0"",
  ""stock_decreased"": ""1.0""
  }, {
  ""date"": ""2025-03-18"",
  ""stock_increased"": ""0.0"",
  ""stock_decreased"": ""1.0""
  }, {
  ""date"": ""2025-03-19"",
  ""stock_increased"": ""0.0"",
  ""stock_decreased"": ""0.0""
  }, {
  ""date"": ""2025-03-20"",
  ""stock_increased"": ""0.0"",
  ""stock_decreased"": ""0.0""
  }, {
  ""date"": ""2025-03-24"",
  ""stock_increased"": ""0.0"",
  ""stock_decreased"": ""0.0""
  }, {
  ""date"": ""2025-03-25"",
  ""stock_increased"": ""0.0"",
  ""stock_decreased"": ""0.0""
  }, {
  ""date"": ""2025-03-26"",
  ""stock_increased"": ""0.0"",
  ""stock_decreased"": ""0.0""
  }, {
  ""date"": ""2025-03-27"",
  ""stock_increased"": ""0.0"",
  ""stock_decreased"": ""0.0""
  }]
 }"
,Cà phê sữa nhà làm Cà Phê Phố túi 30 gói x 28g,335.0,3590,179000.0,"{
  ""stock_history"": [{
  ""date"": ""2025-03-07"",
  ""stock_increased"": ""0.0"",
  ""stock_decreased"": ""1.0""
  }, {
  ""date"": ""2025-03-08"",
  ""stock_increased"": ""0.0"",
  ""stock_decreased"": ""2.0""
  }, {
  ""date"": ""2025-03-09"",
  ""stock_increased"": ""0.0"",
  ""stock_decreased"": ""0.0""
  }, {
  ""date"": ""2025-03-10"",
  ""stock_increased"": ""14.0"",
  ""stock_decreased"": ""1.0""
  }, {
  ""date"": ""2025-03-11"",
  ""stock_increased"": ""4.0"",
  ""stock_decreased"": ""4.0""
  }, {
  ""date"": ""2025-03-12"",
  ""stock_increased"": ""0.0"",
  ""stock_decreased"": ""2.0""
  }, {
  ""date"": ""2025-03-13"",
  ""stock_increased"": ""0.0"",
  ""stock_decreased"": ""1.0""
  }, {
  ""date"": ""2025-03-14"",
  ""stock_increased"": ""4.0"",
  ""stock_decreased"": ""0.0""
  }, {
  ""date"": ""2025-03-15"",
  ""stock_increased"": ""0.0"",
  ""stock_decreased"": ""0.0""
  }, {
  ""date"": ""2025-03-16"",
  ""stock_increased"": ""0.0"",
  ""stock_decreased"": ""1.0""
  }, {
  ""date"": ""2025-03-17"",
  ""stock_increased"": ""0.0"",
  ""stock_decreased"": ""0.0""
  }, {
  ""date"": ""2025-03-18"",
  ""stock_increased"": ""0.0"",
  ""stock_decreased"": ""1.0""
  }, {
  ""date"": ""2025-03-19"",
  ""stock_increased"": ""0.0"",
  ""stock_decreased"": ""2.0""
  }, {
  ""date"": ""2025-03-20"",
  ""stock_increased"": ""78.0"",
  ""stock_decreased"": ""0.0""
  }, {
  ""date"": ""2025-03-24"",
  ""stock_increased"": ""0.0"",
  ""stock_decreased"": ""0.0""
  }, {
  ""date"": ""2025-03-25"",
  ""stock_increased"": ""0.0"",
  ""stock_decreased"": ""0.0""
  }, {
  ""date"": ""2025-03-26"",
  ""stock_increased"": ""0.0"",
  ""stock_decreased"": ""0.0""
  }, {
  ""date"": ""2025-03-27"",
  ""stock_increased"": ""0.0"",
  ""stock_decreased"": ""13.0""
  }, {
  ""date"": ""2025-03-28"",
  ""stock_increased"": ""0.0"",
  ""stock_decreased"": ""0.0""
  }]
 }"
,Cà phê rang xay culi Highlands Coffee gói 200g,43.0,3536,110000.0,"{
  ""stock_history"": [{
  ""date"": ""2025-03-14"",
  ""stock_increased"": ""0.0"",
  ""stock_decreased"": ""0.0""
  }, {
  ""date"": ""2025-03-15"",
  ""stock_increased"": ""0.0"",
  ""stock_decreased"": ""4.0""
  }, {
  ""date"": ""2025-03-16"",
  ""stock_increased"": ""0.0"",
  ""stock_decreased"": ""3.0""
  }, {
  ""date"": ""2025-03-17"",
  ""stock_increased"": ""0.0"",
  ""stock_decreased"": ""1.0""
  }, {
  ""date"": ""2025-03-18"",
  ""stock_increased"": ""0.0"",
  ""stock_decreased"": ""0.0""
  }, {
  ""date"": ""2025-03-19"",
  ""stock_increased"": ""0.0"",
  ""stock_decreased"": ""0.0""
  }, {
  ""date"": ""2025-03-20"",
  ""stock_increased"": ""0.0"",
  ""stock_decreased"": ""1.0""
  }, {
  ""date"": ""2025-03-24"",
  ""stock_increased"": ""0.0"",
  ""stock_decreased"": ""0.0""
  }, {
  ""date"": ""2025-03-25"",
  ""stock_increased"": ""0.0"",
  ""stock_decreased"": ""0.0""
  }, {
  ""date"": ""2025-03-26"",
  ""stock_increased"": ""0.0"",
  ""stock_decreased"": ""0.0""
  }, {
  ""date"": ""2025-03-27"",
  ""stock_increased"": ""0.0"",
  ""stock_decreased"": ""0.0""
  }]
 }"
,Cà phê sữa đá 3in1 Nescafe 25 gói x 20g (1 Bịch),0.0,3002,125000.0,"{
  ""stock_history"": [{
  ""date"": ""2025-03-14"",
  ""stock_increased"": ""0.0"",
  ""stock_decreased"": ""0.0""
  }, {
  ""date"": ""2025-03-15"",
  ""stock_increased"": ""0.0"",
  ""stock_decreased"": ""0.0""
  }, {
  ""date"": ""2025-03-16"",
  ""stock_increased"": ""0.0"",
  ""stock_decreased"": ""0.0""
  }, {
  ""date"": ""2025-03-17"",
  ""stock_increased"": ""0.0"",
  ""stock_decreased"": ""0.0""
  }, {
  ""date"": ""2025-03-18"",
  ""stock_increased"": ""0.0"",
  ""stock_decreased"": ""0.0""
  }]
 }"
,Cà phê rang xay di sản Highlands Coffee gói 200g,0.0,2229,51000.0,"{
  ""stock_history"": [{
  ""date"": ""2025-03-14"",
  ""stock_increased"": ""0.0"",
  ""stock_decreased"": ""0.0""
  }, {
  ""date"": ""2025-03-15"",
  ""stock_increased"": ""0.0"",
  ""stock_decreased"": ""0.0""
  }, {
  ""date"": ""2025-03-16"",
  ""stock_increased"": ""0.0"",
  ""stock_decreased"": ""0.0""
  }, {
  ""date"": ""2025-03-17"",
  ""stock_increased"": ""0.0"",
  ""stock_decreased"": ""0.0""
  }, {
  ""date"": ""2025-03-18"",
  ""stock_increased"": ""0.0"",
  ""stock_decreased"": ""0.0""
  }]
 }"
,Cà phê đen đá The Coffee House túi 30 gói x 16g (1 Túi),153.0,2065,140000.0,"{
  ""stock_history"": [{
  ""date"": ""2025-03-14"",
  ""stock_increased"": ""0.0"",
  ""stock_decreased"": ""3.0""
  }, {
  ""date"": ""2025-03-15"",
  ""stock_increased"": ""0.0"",
  ""stock_decreased"": ""3.0""
  }, {
  ""date"": ""2025-03-16"",
  ""stock_increased"": ""0.0"",
  ""stock_decreased"": ""8.0""
  }, {
  ""date"": ""2025-03-17"",
  ""stock_increased"": ""1.0"",
  ""stock_decreased"": ""1.0""
  }, {
  ""date"": ""2025-03-18"",
  ""stock_increased"": ""0.0"",
  ""stock_decreased"": ""5.0""
  }, {
  ""date"": ""2025-03-19"",
  ""stock_increased"": ""0.0"",
  ""stock_decreased"": ""1.0""
  }, {
  ""date"": ""2025-03-20"",
  ""stock_increased"": ""0.0"",
  ""stock_decreased"": ""3.0""
  }, {
  ""date"": ""2025-03-24"",
  ""stock_increased"": ""0.0"",
  ""stock_decreased"": ""0.0""
  }, {
  ""date"": ""2025-03-25"",
  ""stock_increased"": ""0.0"",
  ""stock_decreased"": ""0.0""
  }, {
  ""date"": ""2025-03-26"",
  ""stock_increased"": ""0.0"",
  ""stock_decreased"": ""0.0""
  }, {
  ""date"": ""2025-03-27"",
  ""stock_increased"": ""0.0"",
  ""stock_decreased"": ""0.0""
  }]
 }"
,Cà phê hòa tan Espresso 57 Davidoff hũ 100g,0.0,1539,229000.0,"{
  ""stock_history"": [{
  ""date"": ""2025-03-14"",
  ""stock_increased"": ""0.0"",
  ""stock_decreased"": ""0.0""
  }, {
  ""date"": ""2025-03-15"",
  ""stock_increased"": ""0.0"",
  ""stock_decreased"": ""0.0""
  }, {
  ""date"": ""2025-03-16"",
  ""stock_increased"": ""0.0"",
  ""stock_decreased"": ""0.0""
  }, {
  ""date"": ""2025-03-17"",
  ""stock_increased"": ""0.0"",
  ""stock_decreased"": ""0.0""
  }, {
  ""date"": ""2025-03-18"",
  ""stock_increased"": ""0.0"",
  ""stock_decreased"": ""0.0""
  }]
 }"
,Cà phê rang xay K-Morning K-Coffee túi 227G,396.0,1495,89000.0,"{
  ""stock_history"": [{
  ""date"": ""2025-03-07"",
  ""stock_increased"": ""5.0"",
  ""stock_decreased"": ""5.0""
  }, {
  ""date"": ""2025-03-08"",
  ""stock_increased"": ""0.0"",
  ""stock_decreased"": ""2.0""
  }, {
  ""date"": ""2025-03-09"",
  ""stock_increased"": ""0.0"",
  ""stock_decreased"": ""4.0""
  }, {
  ""date"": ""2025-03-10"",
  ""stock_increased"": ""6.0"",
  ""stock_decreased"": ""4.0""
  }, {
  ""date"": ""2025-03-11"",
  ""stock_increased"": ""5.0"",
  ""stock_decreased"": ""11.0""
  }, {
  ""date"": ""2025-03-12"",
  ""stock_increased"": ""9.0"",
  ""stock_decreased"": ""5.0""
  }, {
  ""date"": ""2025-03-13"",
  ""stock_increased"": ""1.0"",
  ""stock_decreased"": ""6.0""
  }, {
  ""date"": ""2025-03-14"",
  ""stock_increased"": ""7.0"",
  ""stock_decreased"": ""1.0""
  }, {
  ""date"": ""2025-03-15"",
  ""stock_increased"": ""0.0"",
  ""stock_decreased"": ""8.0""
  }, {
  ""date"": ""2025-03-16"",
  ""stock_increased"": ""0.0"",
  ""stock_decreased"": ""7.0""
  }, {
  ""date"": ""2025-03-17"",
  ""stock_increased"": ""0.0"",
  ""stock_decreased"": ""5.0""
  }, {
  ""date"": ""2025-03-18"",
  ""stock_increased"": ""0.0"",
  ""stock_decreased"": ""6.0""
  }, {
  ""date"": ""2025-03-19"",
  ""stock_increased"": ""0.0"",
  ""stock_decreased"": ""2.0""
  }, {
  ""date"": ""2025-03-20"",
  ""stock_increased"": ""0.0"",
  ""stock_decreased"": ""9.0""
  }, {
  ""date"": ""2025-03-24"",
  ""stock_increased"": ""0.0"",
  ""stock_decreased"": ""0.0""
  }, {
  ""date"": ""2025-03-25"",
  ""stock_increased"": ""0.0"",
  ""stock_decreased"": ""0.0""
  }, {
  ""date"": ""2025-03-26"",
  ""stock_increased"": ""0.0"",
  ""stock_decreased"": ""0.0""
  }, {
  ""date"": ""2025-03-27"",
  ""stock_increased"": ""0.0"",
  ""stock_decreased"": ""7.0""
  }, {
  ""date"": ""2025-03-28"",
  ""stock_increased"": ""0.0"",
  ""stock_decreased"": ""0.0""
  }]
 }"
,Cà phê hoà tan nguyên chất 114 UCC hộp 20g (10 gói x 2g) (1 Hộp),156.0,1263,46000.0,"{
  ""stock_history"": [{
  ""date"": ""2025-03-14"",
  ""stock_increased"": ""0.0"",
  ""stock_decreased"": ""0.0""
  }, {
  ""date"": ""2025-03-15"",
  ""stock_increased"": ""0.0"",
  ""stock_decreased"": ""1.0""
  }, {
  ""date"": ""2025-03-16"",
  ""stock_increased"": ""0.0"",
  ""stock_decreased"": ""1.0""
  }, {
  ""date"": ""2025-03-17"",
  ""stock_increased"": ""0.0"",
  ""stock_decreased"": ""3.0""
  }, {
  ""date"": ""2025-03-18"",
  ""stock_increased"": ""0.0"",
  ""stock_decreased"": ""0.0""
  }, {
  ""date"": ""2025-03-19"",
  ""stock_increased"": ""0.0"",
  ""stock_decreased"": ""2.0""
  }, {
  ""date"": ""2025-03-20"",
  ""stock_increased"": ""0.0"",
  ""stock_decreased"": ""2.0""
  }, {
  ""date"": ""2025-03-24"",
  ""stock_increased"": ""0.0"",
  ""stock_decreased"": ""0.0""
  }, {
  ""date"": ""2025-03-25"",
  ""stock_increased"": ""0.0"",
  ""stock_decreased"": ""0.0""
  }, {
  ""date"": ""2025-03-26"",
  ""stock_increased"": ""0.0"",
  ""stock_decreased"": ""0.0""
  }, {
  ""date"": ""2025-03-27"",
  ""stock_increased"": ""0.0"",
  ""stock_decreased"": ""0.0""
  }]
 }"
,Cà phê hoà tan pha lạnh 3in1 vị caramel muối UCC hộp 250g (10 gói x 25g) (1 Hộp),189.0,1146,77000.0,"{
  ""stock_history"": [{
  ""date"": ""2025-03-14"",
  ""stock_increased"": ""0.0"",
  ""stock_decreased"": ""3.0""
  }, {
  ""date"": ""2025-03-15"",
  ""stock_increased"": ""0.0"",
  ""stock_decreased"": ""5.0""
  }, {
  ""date"": ""2025-03-16"",
  ""stock_increased"": ""0.0"",
  ""stock_decreased"": ""2.0""
  }, {
  ""date"": ""2025-03-17"",
  ""stock_increased"": ""4.0"",
  ""stock_decreased"": ""8.0""
  }, {
  ""date"": ""2025-03-18"",
  ""stock_increased"": ""0.0"",
  ""stock_decreased"": ""4.0""
  }, {
  ""date"": ""2025-03-19"",
  ""stock_increased"": ""0.0"",
  ""stock_decreased"": ""1.0""
  }, {
  ""date"": ""2025-03-20"",
  ""stock_increased"": ""0.0"",
  ""stock_decreased"": ""3.0""
  }, {
  ""date"": ""2025-03-24"",
  ""stock_increased"": ""0.0"",
  ""stock_decreased"": ""0.0""
  }, {
  ""date"": ""2025-03-25"",
  ""stock_increased"": ""0.0"",
  ""stock_decreased"": ""0.0""
  }, {
  ""date"": ""2025-03-26"",
  ""stock_increased"": ""0.0"",
  ""stock_decreased"": ""0.0""
  }, {
  ""date"": ""2025-03-27"",
  ""stock_increased"": ""0.0"",
  ""stock_decreased"": ""0.0""
  }]
 }"
,Cà phê hoà tan Latte hương Hazelnut Vinacafé ly 39g (1 Ly),3.0,1025,19000.0,"{
  ""stock_history"": [{
  ""date"": ""2025-03-14"",
  ""stock_increased"": ""0.0"",
  ""stock_decreased"": ""0.0""
  }, {
  ""date"": ""2025-03-15"",
  ""stock_increased"": ""0.0"",
  ""stock_decreased"": ""0.0""
  }, {
  ""date"": ""2025-03-16"",
  ""stock_increased"": ""0.0"",
  ""stock_decreased"": ""0.0""
  }, {
  ""date"": ""2025-03-17"",
  ""stock_increased"": ""0.0"",
  ""stock_decreased"": ""0.0""
  }, {
  ""date"": ""2025-03-18"",
  ""stock_increased"": ""0.0"",
  ""stock_decreased"": ""0.0""
  }, {
  ""date"": ""2025-03-19"",
  ""stock_increased"": ""0.0"",
  ""stock_decreased"": ""0.0""
  }, {
  ""date"": ""2025-03-20"",
  ""stock_increased"": ""0.0"",
  ""stock_decreased"": ""0.0""
  }, {
  ""date"": ""2025-03-24"",
  ""stock_increased"": ""0.0"",
  ""stock_decreased"": ""0.0""
  }, {
  ""date"": ""2025-03-25"",
  ""stock_increased"": ""0.0"",
  ""stock_decreased"": ""0.0""
  }, {
  ""date"": ""2025-03-26"",
  ""stock_increased"": ""0.0"",
  ""stock_decreased"": ""0.0""
  }, {
  ""date"": ""2025-03-27"",
  ""stock_increased"": ""0.0"",
  ""stock_decreased"": ""0.0""
  }]
 }"
,Cà phê hoà tan Mocha sữa Vinacafé ly 39.5g (1 Ly),4.0,982,19000.0,"{
  ""stock_history"": [{
  ""date"": ""2025-03-14"",
  ""stock_increased"": ""0.0"",
  ""stock_decreased"": ""0.0""
  }, {
  ""date"": ""2025-03-15"",
  ""stock_increased"": ""0.0"",
  ""stock_decreased"": ""0.0""
  }, {
  ""date"": ""2025-03-16"",
  ""stock_increased"": ""0.0"",
  ""stock_decreased"": ""0.0""
  }, {
  ""date"": ""2025-03-17"",
  ""stock_increased"": ""0.0"",
  ""stock_decreased"": ""0.0""
  }, {
  ""date"": ""2025-03-18"",
  ""stock_increased"": ""0.0"",
  ""stock_decreased"": ""0.0""
  }, {
  ""date"": ""2025-03-19"",
  ""stock_increased"": ""0.0"",
  ""stock_decreased"": ""0.0""
  }, {
  ""date"": ""2025-03-20"",
  ""stock_increased"": ""0.0"",
  ""stock_decreased"": ""0.0""
  }, {
  ""date"": ""2025-03-24"",
  ""stock_increased"": ""0.0"",
  ""stock_decreased"": ""0.0""
  }, {
  ""date"": ""2025-03-25"",
  ""stock_increased"": ""0.0"",
  ""stock_decreased"": ""0.0""
  }, {
  ""date"": ""2025-03-26"",
  ""stock_increased"": ""0.0"",
  ""stock_decreased"": ""0.0""
  }, {
  ""date"": ""2025-03-27"",
  ""stock_increased"": ""0.0"",
  ""stock_decreased"": ""0.0""
  }]
 }"
,Cà phê hoà tan delight 3IN1 K-Coffee hộp 15 gói x 17g (1 Hộp),13.0,929,62000.0,"{
  ""stock_history"": [{
  ""date"": ""2025-03-14"",
  ""stock_increased"": ""0.0"",
  ""stock_decreased"": ""0.0""
  }, {
  ""date"": ""2025-03-15"",
  ""stock_increased"": ""0.0"",
  ""stock_decreased"": ""0.0""
  }, {
  ""date"": ""2025-03-16"",
  ""stock_increased"": ""0.0"",
  ""stock_decreased"": ""0.0""
  }, {
  ""date"": ""2025-03-17"",
  ""stock_increased"": ""0.0"",
  ""stock_decreased"": ""0.0""
  }, {
  ""date"": ""2025-03-18"",
  ""stock_increased"": ""0.0"",
  ""stock_decreased"": ""0.0""
  }, {
  ""date"": ""2025-03-19"",
  ""stock_increased"": ""0.0"",
  ""stock_decreased"": ""0.0""
  }, {
  ""date"": ""2025-03-20"",
  ""stock_increased"": ""0.0"",
  ""stock_decreased"": ""0.0""
  }, {
  ""date"": ""2025-03-24"",
  ""stock_increased"": ""0.0"",
  ""stock_decreased"": ""0.0""
  }, {
  ""date"": ""2025-03-25"",
  ""stock_increased"": ""0.0"",
  ""stock_decreased"": ""0.0""
  }, {
  ""date"": ""2025-03-26"",
  ""stock_increased"": ""0.0"",
  ""stock_decreased"": ""0.0""
  }, {
  ""date"": ""2025-03-27"",
  ""stock_increased"": ""0.0"",
  ""stock_decreased"": ""0.0""
  }]
 }"
,Cà phê rang xay black K-Coffee túi 454g (1 Túi),6.0,847,195000.0,"{
  ""stock_history"": [{
  ""date"": ""2025-03-14"",
  ""stock_increased"": ""0.0"",
  ""stock_decreased"": ""0.0""
  }, {
  ""date"": ""2025-03-15"",
  ""stock_increased"": ""0.0"",
  ""stock_decreased"": ""0.0""
  }, {
  ""date"": ""2025-03-16"",
  ""stock_increased"": ""0.0"",
  ""stock_decreased"": ""0.0""
  }, {
  ""date"": ""2025-03-17"",
  ""stock_increased"": ""0.0"",
  ""stock_decreased"": ""0.0""
  }, {
  ""date"": ""2025-03-18"",
  ""stock_increased"": ""0.0"",
  ""stock_decreased"": ""0.0""
  }, {
  ""date"": ""2025-03-19"",
  ""stock_increased"": ""0.0"",
  ""stock_decreased"": ""0.0""
  }, {
  ""date"": ""2025-03-20"",
  ""stock_increased"": ""0.0"",
  ""stock_decreased"": ""0.0""
  }, {
  ""date"": ""2025-03-24"",
  ""stock_increased"": ""0.0"",
  ""stock_decreased"": ""0.0""
  }, {
  ""date"": ""2025-03-25"",
  ""stock_increased"": ""0.0"",
  ""stock_decreased"": ""0.0""
  }, {
  ""date"": ""2025-03-26"",
  ""stock_increased"": ""0.0"",
  ""stock_decreased"": ""0.0""
  }, {
  ""date"": ""2025-03-27"",
  ""stock_increased"": ""0.0"",
  ""stock_decreased"": ""0.0""
  }]
 }"
,Cà phê hoà tan 3 trong 1 Gold Original hộp 360G (1 Hộp),635.0,825,74000.0,"{
  ""stock_history"": [{
  ""date"": ""2025-03-07"",
  ""stock_increased"": ""8.0"",
  ""stock_decreased"": ""3.0""
  }, {
  ""date"": ""2025-03-08"",
  ""stock_increased"": ""0.0"",
  ""stock_decreased"": ""11.0""
  }, {
  ""date"": ""2025-03-09"",
  ""stock_increased"": ""14.0"",
  ""stock_decreased"": ""2.0""
  }, {
  ""date"": ""2025-03-10"",
  ""stock_increased"": ""14.0"",
  ""stock_decreased"": ""1.0""
  }, {
  ""date"": ""2025-03-11"",
  ""stock_increased"": ""11.0"",
  ""stock_decreased"": ""6.0""
  }, {
  ""date"": ""2025-03-12"",
  ""stock_increased"": ""11.0"",
  ""stock_decreased"": ""3.0""
  }, {
  ""date"": ""2025-03-13"",
  ""stock_increased"": ""4.0"",
  ""stock_decreased"": ""1.0""
  }, {
  ""date"": ""2025-03-14"",
  ""stock_increased"": ""57.0"",
  ""stock_decreased"": ""4.0""
  }, {
  ""date"": ""2025-03-15"",
  ""stock_increased"": ""0.0"",
  ""stock_decreased"": ""3.0""
  }, {
  ""date"": ""2025-03-16"",
  ""stock_increased"": ""0.0"",
  ""stock_decreased"": ""7.0""
  }, {
  ""date"": ""2025-03-17"",
  ""stock_increased"": ""4.0"",
  ""stock_decreased"": ""3.0""
  }, {
  ""date"": ""2025-03-18"",
  ""stock_increased"": ""0.0"",
  ""stock_decreased"": ""5.0""
  }, {
  ""date"": ""2025-03-19"",
  ""stock_increased"": ""0.0"",
  ""stock_decreased"": ""2.0""
  }, {
  ""date"": ""2025-03-20"",
  ""stock_increased"": ""0.0"",
  ""stock_decreased"": ""1.0""
  }, {
  ""date"": ""2025-03-24"",
  ""stock_increased"": ""0.0"",
  ""stock_decreased"": ""0.0""
  }, {
  ""date"": ""2025-03-25"",
  ""stock_increased"": ""0.0"",
  ""stock_decreased"": ""0.0""
  }, {
  ""date"": ""2025-03-26"",
  ""stock_increased"": ""0.0"",
  ""stock_decreased"": ""0.0""
  }, {
  ""date"": ""2025-03-27"",
  ""stock_increased"": ""0.0"",
  ""stock_decreased"": ""3.0""
  }, {
  ""date"": ""2025-03-28"",
  ""stock_increased"": ""0.0"",
  ""stock_decreased"": ""0.0""
  }]
 }"
,Cà phê hoà tan nguyên chất Sumiyaki UCC hộp 20g (10 gói x 2g) (1 Hộp),86.0,722,49000.0,"{
  ""stock_history"": [{
  ""date"": ""2025-03-14"",
  ""stock_increased"": ""0.0"",
  ""stock_decreased"": ""0.0""
  }, {
  ""date"": ""2025-03-15"",
  ""stock_increased"": ""0.0"",
  ""stock_decreased"": ""0.0""
  }, {
  ""date"": ""2025-03-16"",
  ""stock_increased"": ""0.0"",
  ""stock_decreased"": ""2.0""
  }, {
  ""date"": ""2025-03-17"",
  ""stock_increased"": ""0.0"",
  ""stock_decreased"": ""0.0""
  }, {
  ""date"": ""2025-03-18"",
  ""stock_increased"": ""0.0"",
  ""stock_decreased"": ""1.0""
  }, {
  ""date"": ""2025-03-19"",
  ""stock_increased"": ""0.0"",
  ""stock_decreased"": ""0.0""
  }, {
  ""date"": ""2025-03-20"",
  ""stock_increased"": ""0.0"",
  ""stock_decreased"": ""2.0""
  }, {
  ""date"": ""2025-03-24"",
  ""stock_increased"": ""0.0"",
  ""stock_decreased"": ""0.0""
  }, {
  ""date"": ""2025-03-25"",
  ""stock_increased"": ""0.0"",
  ""stock_decreased"": ""0.0""
  }, {
  ""date"": ""2025-03-26"",
  ""stock_increased"": ""0.0"",
  ""stock_decreased"": ""0.0""
  }, {
  ""date"": ""2025-03-27"",
  ""stock_increased"": ""0.0"",
  ""stock_decreased"": ""0.0""
  }]
 }"
,Cà phê hoà tan nguyên chất 117 UCC hộp 20g (10 gói x 2g) (1 Hộp),70.0,607,46000.0,"{
  ""stock_history"": [{
  ""date"": ""2025-03-14"",
  ""stock_increased"": ""0.0"",
  ""stock_decreased"": ""1.0""
  }, {
  ""date"": ""2025-03-15"",
  ""stock_increased"": ""0.0"",
  ""stock_decreased"": ""2.0""
  }, {
  ""date"": ""2025-03-16"",
  ""stock_increased"": ""0.0"",
  ""stock_decreased"": ""1.0""
  }, {
  ""date"": ""2025-03-17"",
  ""stock_increased"": ""0.0"",
  ""stock_decreased"": ""1.0""
  }, {
  ""date"": ""2025-03-18"",
  ""stock_increased"": ""0.0"",
  ""stock_decreased"": ""0.0""
  }, {
  ""date"": ""2025-03-19"",
  ""stock_increased"": ""0.0"",
  ""stock_decreased"": ""0.0""
  }, {
  ""date"": ""2025-03-20"",
  ""stock_increased"": ""0.0"",
  ""stock_decreased"": ""0.0""
  }, {
  ""date"": ""2025-03-24"",
  ""stock_increased"": ""0.0"",
  ""stock_decreased"": ""0.0""
  }, {
  ""date"": ""2025-03-25"",
  ""stock_increased"": ""0.0"",
  ""stock_decreased"": ""0.0""
  }, {
  ""date"": ""2025-03-26"",
  ""stock_increased"": ""0.0"",
  ""stock_decreased"": ""0.0""
  }, {
  ""date"": ""2025-03-27"",
  ""stock_increased"": ""0.0"",
  ""stock_decreased"": ""0.0""
  }]
 }"
,Cà phê hoà tan black 2IN1 K-Coffee hộp 15 gói x 17g (1 Hộp),37.0,374,67000.0,"{
  ""stock_history"": [{
  ""date"": ""2025-03-14"",
  ""stock_increased"": ""0.0"",
  ""stock_decreased"": ""1.0""
  }, {
  ""date"": ""2025-03-15"",
  ""stock_increased"": ""0.0"",
  ""stock_decreased"": ""0.0""
  }, {
  ""date"": ""2025-03-16"",
  ""stock_increased"": ""0.0"",
  ""stock_decreased"": ""0.0""
  }, {
  ""date"": ""2025-03-17"",
  ""stock_increased"": ""0.0"",
  ""stock_decreased"": ""0.0""
  }, {
  ""date"": ""2025-03-18"",
  ""stock_increased"": ""0.0"",
  ""stock_decreased"": ""0.0""
  }, {
  ""date"": ""2025-03-19"",
  ""stock_increased"": ""0.0"",
  ""stock_decreased"": ""0.0""
  }, {
  ""date"": ""2025-03-20"",
  ""stock_increased"": ""0.0"",
  ""stock_decreased"": ""1.0""
  }, {
  ""date"": ""2025-03-24"",
  ""stock_increased"": ""0.0"",
  ""stock_decreased"": ""0.0""
  }, {
  ""date"": ""2025-03-25"",
  ""stock_increased"": ""0.0"",
  ""stock_decreased"": ""0.0""
  }, {
  ""date"": ""2025-03-26"",
  ""stock_increased"": ""0.0"",
  ""stock_decreased"": ""0.0""
  }, {
  ""date"": ""2025-03-27"",
  ""stock_increased"": ""0.0"",
  ""stock_decreased"": ""0.0""
  }]
 }"
,Cà phê hoà tan pha lạnh 3in1 vị nguyên bản UCC hộp 250g (10 gói x 25g) (1 Hộp),4.0,257,77000.0,"{
  ""stock_history"": [{
  ""date"": ""2025-03-14"",
  ""stock_increased"": ""0.0"",
  ""stock_decreased"": ""0.0""
  }, {
  ""date"": ""2025-03-15"",
  ""stock_increased"": ""0.0"",
  ""stock_decreased"": ""0.0""
  }, {
  ""date"": ""2025-03-16"",
  ""stock_increased"": ""0.0"",
  ""stock_decreased"": ""0.0""
  }, {
  ""date"": ""2025-03-17"",
  ""stock_increased"": ""0.0"",
  ""stock_decreased"": ""0.0""
  }, {
  ""date"": ""2025-03-18"",
  ""stock_increased"": ""0.0"",
  ""stock_decreased"": ""1.0""
  }, {
  ""date"": ""2025-03-19"",
  ""stock_increased"": ""0.0"",
  ""stock_decreased"": ""0.0""
  }, {
  ""date"": ""2025-03-20"",
  ""stock_increased"": ""0.0"",
  ""stock_decreased"": ""0.0""
  }, {
  ""date"": ""2025-03-24"",
  ""stock_increased"": ""0.0"",
  ""stock_decreased"": ""0.0""
  }, {
  ""date"": ""2025-03-25"",
  ""stock_increased"": ""0.0"",
  ""stock_decreased"": ""0.0""
  }, {
  ""date"": ""2025-03-26"",
  ""stock_increased"": ""0.0"",
  ""stock_decreased"": ""0.0""
  }, {
  ""date"": ""2025-03-27"",
  ""stock_increased"": ""0.0"",
  ""stock_decreased"": ""0.0""
  }]
 }"
,Cà phê Gold 3in1 Cà Phê Phố túi 30 gói x 29g (1 Túi),655.0,0,,"{
  ""stock_history"": [{
  ""date"": ""2025-03-07"",
  ""stock_increased"": ""13.0"",
  ""stock_decreased"": ""2.0""
  }, {
  ""date"": ""2025-03-08"",
  ""stock_increased"": ""7.0"",
  ""stock_decreased"": ""0.0""
  }, {
  ""date"": ""2025-03-09"",
  ""stock_increased"": ""20.0"",
  ""stock_decreased"": ""5.0""
  }, {
  ""date"": ""2025-03-10"",
  ""stock_increased"": ""3.0"",
  ""stock_decreased"": ""5.0""
  }, {
  ""date"": ""2025-03-11"",
  ""stock_increased"": ""15.0"",
  ""stock_decreased"": ""3.0""
  }, {
  ""date"": ""2025-03-12"",
  ""stock_increased"": ""0.0"",
  ""stock_decreased"": ""3.0""
  }, {
  ""date"": ""2025-03-13"",
  ""stock_increased"": ""1.0"",
  ""stock_decreased"": ""0.0""
  }, {
  ""date"": ""2025-03-14"",
  ""stock_increased"": ""69.0"",
  ""stock_decreased"": ""1.0""
  }, {
  ""date"": ""2025-03-15"",
  ""stock_increased"": ""0.0"",
  ""stock_decreased"": ""5.0""
  }, {
  ""date"": ""2025-03-16"",
  ""stock_increased"": ""0.0"",
  ""stock_decreased"": ""5.0""
  }, {
  ""date"": ""2025-03-17"",
  ""stock_increased"": ""4.0"",
  ""stock_decreased"": ""4.0""
  }, {
  ""date"": ""2025-03-18"",
  ""stock_increased"": ""5.0"",
  ""stock_decreased"": ""2.0""
  }, {
  ""date"": ""2025-03-19"",
  ""stock_increased"": ""0.0"",
  ""stock_decreased"": ""4.0""
  }, {
  ""date"": ""2025-03-20"",
  ""stock_increased"": ""0.0"",
  ""stock_decreased"": ""3.0""
  }, {
  ""date"": ""2025-03-24"",
  ""stock_increased"": ""0.0"",
  ""stock_decreased"": ""0.0""
  }, {
  ""date"": ""2025-03-25"",
  ""stock_increased"": ""0.0"",
  ""stock_decreased"": ""0.0""
  }, {
  ""date"": ""2025-03-26"",
  ""stock_increased"": ""0.0"",
  ""stock_decreased"": ""0.0""
  }, {
  ""date"": ""2025-03-27"",
  ""stock_increased"": ""0.0"",
  ""stock_decreased"": ""13.0""
  }, {
  ""date"": ""2025-03-28"",
  ""stock_increased"": ""0.0"",
  ""stock_decreased"": ""0.0""
  }]
 }"